N,M,DCNT,VTH,VGS,VDD,ID,POWER
20,0,1.56608464,-0.27457009,0,-0.1,7.16E-11,-7.16E-12
20,0,1.56608464,-0.27457009,0,-0.2,7.31E-11,-1.46E-11
20,0,1.56608464,-0.27457009,0,-0.3,7.32E-11,-2.19E-11
20,0,1.56608464,-0.27457009,0,-0.4,7.32E-11,-2.93E-11
20,0,1.56608464,-0.27457009,0,-0.5,7.32E-11,-3.66E-11
20,0,1.56608464,-0.27457009,0,-0.6,7.32E-11,-4.39E-11
20,0,1.56608464,-0.27457009,0,-0.7,7.32E-11,-5.12E-11
20,0,1.56608464,-0.27457009,0,-0.8,7.32E-11,-5.85E-11
20,0,1.56608464,-0.27457009,0,-0.9,7.32E-11,-6.58E-11
20,0,1.56608464,-0.27457009,0,-1,7.32E-11,-7.32E-11
20,0,1.56608464,-0.27457009,-0.1,-0.1,2.64E-09,-2.64E-10
20,0,1.56608464,-0.27457009,-0.1,-0.2,2.70E-09,-5.39E-10
20,0,1.56608464,-0.27457009,-0.1,-0.3,2.70E-09,-8.10E-10
20,0,1.56608464,-0.27457009,-0.1,-0.4,2.70E-09,-1.08E-09
20,0,1.56608464,-0.27457009,-0.1,-0.5,2.70E-09,-1.35E-09
20,0,1.56608464,-0.27457009,-0.1,-0.6,2.70E-09,-1.62E-09
20,0,1.56608464,-0.27457009,-0.1,-0.7,2.70E-09,-1.89E-09
20,0,1.56608464,-0.27457009,-0.1,-0.8,2.70E-09,-2.16E-09
20,0,1.56608464,-0.27457009,-0.1,-0.9,2.70E-09,-2.43E-09
20,0,1.56608464,-0.27457009,-0.1,-1,2.70E-09,-2.70E-09
20,0,1.56608464,-0.27457009,-0.2,-0.1,8.77E-08,-8.77E-09
20,0,1.56608464,-0.27457009,-0.2,-0.2,8.98E-08,-1.80E-08
20,0,1.56608464,-0.27457009,-0.2,-0.3,8.98E-08,-2.69E-08
20,0,1.56608464,-0.27457009,-0.2,-0.4,8.98E-08,-3.59E-08
20,0,1.56608464,-0.27457009,-0.2,-0.5,8.98E-08,-4.49E-08
20,0,1.56608464,-0.27457009,-0.2,-0.6,8.98E-08,-5.39E-08
20,0,1.56608464,-0.27457009,-0.2,-0.7,8.98E-08,-6.29E-08
20,0,1.56608464,-0.27457009,-0.2,-0.8,8.98E-08,-7.18E-08
20,0,1.56608464,-0.27457009,-0.2,-0.9,8.98E-08,-8.08E-08
20,0,1.56608464,-0.27457009,-0.2,-1,8.98E-08,-8.98E-08
20,0,1.56608464,-0.27457009,-0.3,-0.1,1.08E-06,-1.08E-07
20,0,1.56608464,-0.27457009,-0.3,-0.2,1.12E-06,-2.24E-07
20,0,1.56608464,-0.27457009,-0.3,-0.3,1.12E-06,-3.36E-07
20,0,1.56608464,-0.27457009,-0.3,-0.4,1.12E-06,-4.48E-07
20,0,1.56608464,-0.27457009,-0.3,-0.5,1.12E-06,-5.60E-07
20,0,1.56608464,-0.27457009,-0.3,-0.6,1.12E-06,-6.73E-07
20,0,1.56608464,-0.27457009,-0.3,-0.7,1.12E-06,-7.85E-07
20,0,1.56608464,-0.27457009,-0.3,-0.8,1.12E-06,-8.97E-07
20,0,1.56608464,-0.27457009,-0.3,-0.9,1.12E-06,-1.01E-06
20,0,1.56608464,-0.27457009,-0.3,-1,1.12E-06,-1.12E-06
20,0,1.56608464,-0.27457009,-0.4,-0.1,3.88E-06,-3.88E-07
20,0,1.56608464,-0.27457009,-0.4,-0.2,4.18E-06,-8.36E-07
20,0,1.56608464,-0.27457009,-0.4,-0.3,4.18E-06,-1.26E-06
20,0,1.56608464,-0.27457009,-0.4,-0.4,4.18E-06,-1.67E-06
20,0,1.56608464,-0.27457009,-0.4,-0.5,4.18E-06,-2.09E-06
20,0,1.56608464,-0.27457009,-0.4,-0.6,4.18E-06,-2.51E-06
20,0,1.56608464,-0.27457009,-0.4,-0.7,4.18E-06,-2.93E-06
20,0,1.56608464,-0.27457009,-0.4,-0.8,4.18E-06,-3.35E-06
20,0,1.56608464,-0.27457009,-0.4,-0.9,4.18E-06,-3.77E-06
20,0,1.56608464,-0.27457009,-0.4,-1,4.18E-06,-4.18E-06
20,0,1.56608464,-0.27457009,-0.5,-0.1,7.87E-06,-7.87E-07
20,0,1.56608464,-0.27457009,-0.5,-0.2,9.34E-06,-1.87E-06
20,0,1.56608464,-0.27457009,-0.5,-0.3,9.38E-06,-2.81E-06
20,0,1.56608464,-0.27457009,-0.5,-0.4,9.38E-06,-3.75E-06
20,0,1.56608464,-0.27457009,-0.5,-0.5,9.38E-06,-4.69E-06
20,0,1.56608464,-0.27457009,-0.5,-0.6,9.38E-06,-5.63E-06
20,0,1.56608464,-0.27457009,-0.5,-0.7,9.38E-06,-6.57E-06
20,0,1.56608464,-0.27457009,-0.5,-0.8,9.38E-06,-7.51E-06
20,0,1.56608464,-0.27457009,-0.5,-0.9,9.38E-06,-8.44E-06
20,0,1.56608464,-0.27457009,-0.5,-1,9.38E-06,-9.38E-06
20,0,1.56608464,-0.27457009,-0.6,-0.1,1.16E-05,-1.16E-06
20,0,1.56608464,-0.27457009,-0.6,-0.2,1.65E-05,-3.29E-06
20,0,1.56608464,-0.27457009,-0.6,-0.3,1.68E-05,-5.04E-06
20,0,1.56608464,-0.27457009,-0.6,-0.4,1.68E-05,-6.72E-06
20,0,1.56608464,-0.27457009,-0.6,-0.5,1.68E-05,-8.40E-06
20,0,1.56608464,-0.27457009,-0.6,-0.6,1.68E-05,-1.01E-05
20,0,1.56608464,-0.27457009,-0.6,-0.7,1.68E-05,-1.18E-05
20,0,1.56608464,-0.27457009,-0.6,-0.8,1.68E-05,-1.34E-05
20,0,1.56608464,-0.27457009,-0.6,-0.9,1.68E-05,-1.51E-05
20,0,1.56608464,-0.27457009,-0.6,-1,1.68E-05,-1.68E-05
20,0,1.56608464,-0.27457009,-0.7,-0.1,1.39E-05,-1.39E-06
20,0,1.56608464,-0.27457009,-0.7,-0.2,2.25E-05,-4.49E-06
20,0,1.56608464,-0.27457009,-0.7,-0.3,2.41E-05,-7.24E-06
20,0,1.56608464,-0.27457009,-0.7,-0.4,2.42E-05,-9.68E-06
20,0,1.56608464,-0.27457009,-0.7,-0.5,2.42E-05,-1.21E-05
20,0,1.56608464,-0.27457009,-0.7,-0.6,2.42E-05,-1.45E-05
20,0,1.56608464,-0.27457009,-0.7,-0.7,2.42E-05,-1.69E-05
20,0,1.56608464,-0.27457009,-0.7,-0.8,2.42E-05,-1.94E-05
20,0,1.56608464,-0.27457009,-0.7,-0.9,2.42E-05,-2.18E-05
20,0,1.56608464,-0.27457009,-0.7,-1,2.42E-05,-2.42E-05
20,0,1.56608464,-0.27457009,-0.8,-0.1,1.46E-05,-1.46E-06
20,0,1.56608464,-0.27457009,-0.8,-0.2,2.64E-05,-5.27E-06
20,0,1.56608464,-0.27457009,-0.8,-0.3,3.13E-05,-9.40E-06
20,0,1.56608464,-0.27457009,-0.8,-0.4,3.17E-05,-1.27E-05
20,0,1.56608464,-0.27457009,-0.8,-0.5,3.17E-05,-1.58E-05
20,0,1.56608464,-0.27457009,-0.8,-0.6,3.17E-05,-1.90E-05
20,0,1.56608464,-0.27457009,-0.8,-0.7,3.17E-05,-2.22E-05
20,0,1.56608464,-0.27457009,-0.8,-0.8,3.17E-05,-2.53E-05
20,0,1.56608464,-0.27457009,-0.8,-0.9,3.17E-05,-2.85E-05
20,0,1.56608464,-0.27457009,-0.8,-1,3.17E-05,-3.17E-05
20,0,1.56608464,-0.27457009,-0.9,-0.1,1.51E-05,-1.51E-06
20,0,1.56608464,-0.27457009,-0.9,-0.2,2.88E-05,-5.76E-06
20,0,1.56608464,-0.27457009,-0.9,-0.3,3.64E-05,-1.09E-05
20,0,1.56608464,-0.27457009,-0.9,-0.4,3.74E-05,-1.50E-05
20,0,1.56608464,-0.27457009,-0.9,-0.5,3.74E-05,-1.87E-05
20,0,1.56608464,-0.27457009,-0.9,-0.6,3.74E-05,-2.25E-05
20,0,1.56608464,-0.27457009,-0.9,-0.7,3.74E-05,-2.62E-05
20,0,1.56608464,-0.27457009,-0.9,-0.8,3.74E-05,-3.00E-05
20,0,1.56608464,-0.27457009,-0.9,-0.9,3.74E-05,-3.37E-05
20,0,1.56608464,-0.27457009,-0.9,-1,3.74E-05,-3.74E-05
20,0,1.56608464,-0.27457009,-1,-0.1,1.58E-05,-1.58E-06
20,0,1.56608464,-0.27457009,-1,-0.2,3.01E-05,-6.01E-06
20,0,1.56608464,-0.27457009,-1,-0.3,4.01E-05,-1.20E-05
20,0,1.56608464,-0.27457009,-1,-0.4,4.29E-05,-1.71E-05
20,0,1.56608464,-0.27457009,-1,-0.5,4.30E-05,-2.15E-05
20,0,1.56608464,-0.27457009,-1,-0.6,4.30E-05,-2.58E-05
20,0,1.56608464,-0.27457009,-1,-0.7,4.30E-05,-3.01E-05
20,0,1.56608464,-0.27457009,-1,-0.8,4.30E-05,-3.44E-05
20,0,1.56608464,-0.27457009,-1,-0.9,4.30E-05,-3.87E-05
20,0,1.56608464,-0.27457009,-1,-1,4.30E-05,-4.30E-05
19,0,1.487780408,-0.289021147,0,-0.1,4.17E-11,-4.17E-12
19,0,1.487780408,-0.289021147,0,-0.2,4.26E-11,-8.51E-12
19,0,1.487780408,-0.289021147,0,-0.3,4.26E-11,-1.28E-11
19,0,1.487780408,-0.289021147,0,-0.4,4.26E-11,-1.70E-11
19,0,1.487780408,-0.289021147,0,-0.5,4.26E-11,-2.13E-11
19,0,1.487780408,-0.289021147,0,-0.6,4.26E-11,-2.55E-11
19,0,1.487780408,-0.289021147,0,-0.7,4.26E-11,-2.98E-11
19,0,1.487780408,-0.289021147,0,-0.8,4.26E-11,-3.41E-11
19,0,1.487780408,-0.289021147,0,-0.9,4.26E-11,-3.83E-11
19,0,1.487780408,-0.289021147,0,-1,4.26E-11,-4.26E-11
19,0,1.487780408,-0.289021147,-0.1,-0.1,1.53E-09,-1.53E-10
19,0,1.487780408,-0.289021147,-0.1,-0.2,1.56E-09,-3.13E-10
19,0,1.487780408,-0.289021147,-0.1,-0.3,1.57E-09,-4.70E-10
19,0,1.487780408,-0.289021147,-0.1,-0.4,1.57E-09,-6.26E-10
19,0,1.487780408,-0.289021147,-0.1,-0.5,1.57E-09,-7.83E-10
19,0,1.487780408,-0.289021147,-0.1,-0.6,1.57E-09,-9.39E-10
19,0,1.487780408,-0.289021147,-0.1,-0.7,1.57E-09,-1.10E-09
19,0,1.487780408,-0.289021147,-0.1,-0.8,1.57E-09,-1.25E-09
19,0,1.487780408,-0.289021147,-0.1,-0.9,1.57E-09,-1.41E-09
19,0,1.487780408,-0.289021147,-0.1,-1,1.57E-09,-1.57E-09
19,0,1.487780408,-0.289021147,-0.2,-0.1,5.28E-08,-5.28E-09
19,0,1.487780408,-0.289021147,-0.2,-0.2,5.40E-08,-1.08E-08
19,0,1.487780408,-0.289021147,-0.2,-0.3,5.40E-08,-1.62E-08
19,0,1.487780408,-0.289021147,-0.2,-0.4,5.40E-08,-2.16E-08
19,0,1.487780408,-0.289021147,-0.2,-0.5,5.40E-08,-2.70E-08
19,0,1.487780408,-0.289021147,-0.2,-0.6,5.40E-08,-3.24E-08
19,0,1.487780408,-0.289021147,-0.2,-0.7,5.40E-08,-3.78E-08
19,0,1.487780408,-0.289021147,-0.2,-0.8,5.40E-08,-4.32E-08
19,0,1.487780408,-0.289021147,-0.2,-0.9,5.40E-08,-4.86E-08
19,0,1.487780408,-0.289021147,-0.2,-1,5.40E-08,-5.40E-08
19,0,1.487780408,-0.289021147,-0.3,-0.1,8.05E-07,-8.05E-08
19,0,1.487780408,-0.289021147,-0.3,-0.2,8.32E-07,-1.66E-07
19,0,1.487780408,-0.289021147,-0.3,-0.3,8.33E-07,-2.50E-07
19,0,1.487780408,-0.289021147,-0.3,-0.4,8.33E-07,-3.33E-07
19,0,1.487780408,-0.289021147,-0.3,-0.5,8.33E-07,-4.16E-07
19,0,1.487780408,-0.289021147,-0.3,-0.6,8.33E-07,-5.00E-07
19,0,1.487780408,-0.289021147,-0.3,-0.7,8.33E-07,-5.83E-07
19,0,1.487780408,-0.289021147,-0.3,-0.8,8.33E-07,-6.66E-07
19,0,1.487780408,-0.289021147,-0.3,-0.9,8.33E-07,-7.49E-07
19,0,1.487780408,-0.289021147,-0.3,-1,8.33E-07,-8.33E-07
19,0,1.487780408,-0.289021147,-0.4,-0.1,3.25E-06,-3.25E-07
19,0,1.487780408,-0.289021147,-0.4,-0.2,3.47E-06,-6.94E-07
19,0,1.487780408,-0.289021147,-0.4,-0.3,3.47E-06,-1.04E-06
19,0,1.487780408,-0.289021147,-0.4,-0.4,3.47E-06,-1.39E-06
19,0,1.487780408,-0.289021147,-0.4,-0.5,3.47E-06,-1.74E-06
19,0,1.487780408,-0.289021147,-0.4,-0.6,3.47E-06,-2.08E-06
19,0,1.487780408,-0.289021147,-0.4,-0.7,3.47E-06,-2.43E-06
19,0,1.487780408,-0.289021147,-0.4,-0.8,3.47E-06,-2.78E-06
19,0,1.487780408,-0.289021147,-0.4,-0.9,3.47E-06,-3.13E-06
19,0,1.487780408,-0.289021147,-0.4,-1,3.47E-06,-3.47E-06
19,0,1.487780408,-0.289021147,-0.5,-0.1,7.04E-06,-7.04E-07
19,0,1.487780408,-0.289021147,-0.5,-0.2,8.13E-06,-1.63E-06
19,0,1.487780408,-0.289021147,-0.5,-0.3,8.16E-06,-2.45E-06
19,0,1.487780408,-0.289021147,-0.5,-0.4,8.16E-06,-3.26E-06
19,0,1.487780408,-0.289021147,-0.5,-0.5,8.16E-06,-4.08E-06
19,0,1.487780408,-0.289021147,-0.5,-0.6,8.16E-06,-4.90E-06
19,0,1.487780408,-0.289021147,-0.5,-0.7,8.16E-06,-5.71E-06
19,0,1.487780408,-0.289021147,-0.5,-0.8,8.16E-06,-6.53E-06
19,0,1.487780408,-0.289021147,-0.5,-0.9,8.16E-06,-7.34E-06
19,0,1.487780408,-0.289021147,-0.5,-1,8.16E-06,-8.16E-06
19,0,1.487780408,-0.289021147,-0.6,-0.1,1.09E-05,-1.09E-06
19,0,1.487780408,-0.289021147,-0.6,-0.2,1.48E-05,-2.97E-06
19,0,1.487780408,-0.289021147,-0.6,-0.3,1.51E-05,-4.52E-06
19,0,1.487780408,-0.289021147,-0.6,-0.4,1.51E-05,-6.03E-06
19,0,1.487780408,-0.289021147,-0.6,-0.5,1.51E-05,-7.53E-06
19,0,1.487780408,-0.289021147,-0.6,-0.6,1.51E-05,-9.04E-06
19,0,1.487780408,-0.289021147,-0.6,-0.7,1.51E-05,-1.05E-05
19,0,1.487780408,-0.289021147,-0.6,-0.8,1.51E-05,-1.21E-05
19,0,1.487780408,-0.289021147,-0.6,-0.9,1.51E-05,-1.36E-05
19,0,1.487780408,-0.289021147,-0.6,-1,1.51E-05,-1.51E-05
19,0,1.487780408,-0.289021147,-0.7,-0.1,1.35E-05,-1.35E-06
19,0,1.487780408,-0.289021147,-0.7,-0.2,2.12E-05,-4.24E-06
19,0,1.487780408,-0.289021147,-0.7,-0.3,2.24E-05,-6.72E-06
19,0,1.487780408,-0.289021147,-0.7,-0.4,2.24E-05,-8.98E-06
19,0,1.487780408,-0.289021147,-0.7,-0.5,2.24E-05,-1.12E-05
19,0,1.487780408,-0.289021147,-0.7,-0.6,2.24E-05,-1.35E-05
19,0,1.487780408,-0.289021147,-0.7,-0.7,2.24E-05,-1.57E-05
19,0,1.487780408,-0.289021147,-0.7,-0.8,2.24E-05,-1.80E-05
19,0,1.487780408,-0.289021147,-0.7,-0.9,2.24E-05,-2.02E-05
19,0,1.487780408,-0.289021147,-0.7,-1,2.24E-05,-2.24E-05
19,0,1.487780408,-0.289021147,-0.8,-0.1,1.45E-05,-1.45E-06
19,0,1.487780408,-0.289021147,-0.8,-0.2,2.56E-05,-5.11E-06
19,0,1.487780408,-0.289021147,-0.8,-0.3,2.98E-05,-8.94E-06
19,0,1.487780408,-0.289021147,-0.8,-0.4,3.00E-05,-1.20E-05
19,0,1.487780408,-0.289021147,-0.8,-0.5,3.00E-05,-1.50E-05
19,0,1.487780408,-0.289021147,-0.8,-0.6,3.00E-05,-1.80E-05
19,0,1.487780408,-0.289021147,-0.8,-0.7,3.00E-05,-2.10E-05
19,0,1.487780408,-0.289021147,-0.8,-0.8,3.00E-05,-2.40E-05
19,0,1.487780408,-0.289021147,-0.8,-0.9,3.00E-05,-2.70E-05
19,0,1.487780408,-0.289021147,-0.8,-1,3.00E-05,-3.00E-05
19,0,1.487780408,-0.289021147,-0.9,-0.1,1.50E-05,-1.50E-06
19,0,1.487780408,-0.289021147,-0.9,-0.2,2.83E-05,-5.66E-06
19,0,1.487780408,-0.289021147,-0.9,-0.3,3.52E-05,-1.06E-05
19,0,1.487780408,-0.289021147,-0.9,-0.4,3.62E-05,-1.45E-05
19,0,1.487780408,-0.289021147,-0.9,-0.5,3.61E-05,-1.81E-05
19,0,1.487780408,-0.289021147,-0.9,-0.6,3.61E-05,-2.17E-05
19,0,1.487780408,-0.289021147,-0.9,-0.7,3.61E-05,-2.53E-05
19,0,1.487780408,-0.289021147,-0.9,-0.8,3.61E-05,-2.89E-05
19,0,1.487780408,-0.289021147,-0.9,-0.9,3.61E-05,-3.25E-05
19,0,1.487780408,-0.289021147,-0.9,-1,3.61E-05,-3.61E-05
19,0,1.487780408,-0.289021147,-1,-0.1,1.55E-05,-1.55E-06
19,0,1.487780408,-0.289021147,-1,-0.2,2.94E-05,-5.88E-06
19,0,1.487780408,-0.289021147,-1,-0.3,3.88E-05,-1.17E-05
19,0,1.487780408,-0.289021147,-1,-0.4,4.14E-05,-1.66E-05
19,0,1.487780408,-0.289021147,-1,-0.5,4.15E-05,-2.08E-05
19,0,1.487780408,-0.289021147,-1,-0.6,4.15E-05,-2.49E-05
19,0,1.487780408,-0.289021147,-1,-0.7,4.15E-05,-2.91E-05
19,0,1.487780408,-0.289021147,-1,-0.8,4.15E-05,-3.32E-05
19,0,1.487780408,-0.289021147,-1,-0.9,4.15E-05,-3.74E-05
19,0,1.487780408,-0.289021147,-1,-1,4.15E-05,-4.15E-05
18,0,1.409476176,-0.305077877,0,-0.1,2.28E-11,-2.28E-12
18,0,1.409476176,-0.305077877,0,-0.2,2.33E-11,-4.65E-12
18,0,1.409476176,-0.305077877,0,-0.3,2.33E-11,-6.98E-12
18,0,1.409476176,-0.305077877,0,-0.4,2.33E-11,-9.31E-12
18,0,1.409476176,-0.305077877,0,-0.5,2.33E-11,-1.16E-11
18,0,1.409476176,-0.305077877,0,-0.6,2.33E-11,-1.40E-11
18,0,1.409476176,-0.305077877,0,-0.7,2.33E-11,-1.63E-11
18,0,1.409476176,-0.305077877,0,-0.8,2.33E-11,-1.86E-11
18,0,1.409476176,-0.305077877,0,-0.9,2.33E-11,-2.09E-11
18,0,1.409476176,-0.305077877,0,-1,2.33E-11,-2.33E-11
18,0,1.409476176,-0.305077877,-0.1,-0.1,8.34E-10,-8.34E-11
18,0,1.409476176,-0.305077877,-0.1,-0.2,8.51E-10,-1.70E-10
18,0,1.409476176,-0.305077877,-0.1,-0.3,8.52E-10,-2.56E-10
18,0,1.409476176,-0.305077877,-0.1,-0.4,8.52E-10,-3.41E-10
18,0,1.409476176,-0.305077877,-0.1,-0.5,8.52E-10,-4.26E-10
18,0,1.409476176,-0.305077877,-0.1,-0.6,8.52E-10,-5.11E-10
18,0,1.409476176,-0.305077877,-0.1,-0.7,8.52E-10,-5.96E-10
18,0,1.409476176,-0.305077877,-0.1,-0.8,8.52E-10,-6.81E-10
18,0,1.409476176,-0.305077877,-0.1,-0.9,8.52E-10,-7.67E-10
18,0,1.409476176,-0.305077877,-0.1,-1,8.52E-10,-8.52E-10
18,0,1.409476176,-0.305077877,-0.2,-0.1,2.94E-08,-2.94E-09
18,0,1.409476176,-0.305077877,-0.2,-0.2,3.01E-08,-6.01E-09
18,0,1.409476176,-0.305077877,-0.2,-0.3,3.01E-08,-9.02E-09
18,0,1.409476176,-0.305077877,-0.2,-0.4,3.01E-08,-1.20E-08
18,0,1.409476176,-0.305077877,-0.2,-0.5,3.01E-08,-1.50E-08
18,0,1.409476176,-0.305077877,-0.2,-0.6,3.01E-08,-1.80E-08
18,0,1.409476176,-0.305077877,-0.2,-0.7,3.01E-08,-2.11E-08
18,0,1.409476176,-0.305077877,-0.2,-0.8,3.01E-08,-2.41E-08
18,0,1.409476176,-0.305077877,-0.2,-0.9,3.01E-08,-2.71E-08
18,0,1.409476176,-0.305077877,-0.2,-1,3.01E-08,-3.01E-08
18,0,1.409476176,-0.305077877,-0.3,-0.1,5.60E-07,-5.60E-08
18,0,1.409476176,-0.305077877,-0.3,-0.2,5.77E-07,-1.15E-07
18,0,1.409476176,-0.305077877,-0.3,-0.3,5.77E-07,-1.73E-07
18,0,1.409476176,-0.305077877,-0.3,-0.4,5.77E-07,-2.31E-07
18,0,1.409476176,-0.305077877,-0.3,-0.5,5.77E-07,-2.89E-07
18,0,1.409476176,-0.305077877,-0.3,-0.6,5.77E-07,-3.46E-07
18,0,1.409476176,-0.305077877,-0.3,-0.7,5.77E-07,-4.04E-07
18,0,1.409476176,-0.305077877,-0.3,-0.8,5.77E-07,-4.62E-07
18,0,1.409476176,-0.305077877,-0.3,-0.9,5.77E-07,-5.20E-07
18,0,1.409476176,-0.305077877,-0.3,-1,5.77E-07,-5.77E-07
18,0,1.409476176,-0.305077877,-0.4,-0.1,2.64E-06,-2.64E-07
18,0,1.409476176,-0.305077877,-0.4,-0.2,2.80E-06,-5.59E-07
18,0,1.409476176,-0.305077877,-0.4,-0.3,2.80E-06,-8.40E-07
18,0,1.409476176,-0.305077877,-0.4,-0.4,2.80E-06,-1.12E-06
18,0,1.409476176,-0.305077877,-0.4,-0.5,2.80E-06,-1.40E-06
18,0,1.409476176,-0.305077877,-0.4,-0.6,2.80E-06,-1.68E-06
18,0,1.409476176,-0.305077877,-0.4,-0.7,2.80E-06,-1.96E-06
18,0,1.409476176,-0.305077877,-0.4,-0.8,2.80E-06,-2.24E-06
18,0,1.409476176,-0.305077877,-0.4,-0.9,2.80E-06,-2.52E-06
18,0,1.409476176,-0.305077877,-0.4,-1,2.80E-06,-2.80E-06
18,0,1.409476176,-0.305077877,-0.5,-0.1,6.16E-06,-6.16E-07
18,0,1.409476176,-0.305077877,-0.5,-0.2,6.94E-06,-1.39E-06
18,0,1.409476176,-0.305077877,-0.5,-0.3,6.96E-06,-2.09E-06
18,0,1.409476176,-0.305077877,-0.5,-0.4,6.96E-06,-2.78E-06
18,0,1.409476176,-0.305077877,-0.5,-0.5,6.96E-06,-3.48E-06
18,0,1.409476176,-0.305077877,-0.5,-0.6,6.96E-06,-4.17E-06
18,0,1.409476176,-0.305077877,-0.5,-0.7,6.96E-06,-4.87E-06
18,0,1.409476176,-0.305077877,-0.5,-0.8,6.96E-06,-5.57E-06
18,0,1.409476176,-0.305077877,-0.5,-0.9,6.96E-06,-6.26E-06
18,0,1.409476176,-0.305077877,-0.5,-1,6.96E-06,-6.96E-06
18,0,1.409476176,-0.305077877,-0.6,-0.1,1.00E-05,-1.00E-06
18,0,1.409476176,-0.305077877,-0.6,-0.2,1.31E-05,-2.62E-06
18,0,1.409476176,-0.305077877,-0.6,-0.3,1.33E-05,-3.98E-06
18,0,1.409476176,-0.305077877,-0.6,-0.4,1.33E-05,-5.30E-06
18,0,1.409476176,-0.305077877,-0.6,-0.5,1.33E-05,-6.63E-06
18,0,1.409476176,-0.305077877,-0.6,-0.6,1.33E-05,-7.95E-06
18,0,1.409476176,-0.305077877,-0.6,-0.7,1.33E-05,-9.28E-06
18,0,1.409476176,-0.305077877,-0.6,-0.8,1.33E-05,-1.06E-05
18,0,1.409476176,-0.305077877,-0.6,-0.9,1.33E-05,-1.19E-05
18,0,1.409476176,-0.305077877,-0.6,-1,1.33E-05,-1.33E-05
18,0,1.409476176,-0.305077877,-0.7,-0.1,1.29E-05,-1.29E-06
18,0,1.409476176,-0.305077877,-0.7,-0.2,1.97E-05,-3.94E-06
18,0,1.409476176,-0.305077877,-0.7,-0.3,2.05E-05,-6.15E-06
18,0,1.409476176,-0.305077877,-0.7,-0.4,2.05E-05,-8.21E-06
18,0,1.409476176,-0.305077877,-0.7,-0.5,2.05E-05,-1.03E-05
18,0,1.409476176,-0.305077877,-0.7,-0.6,2.05E-05,-1.23E-05
18,0,1.409476176,-0.305077877,-0.7,-0.7,2.05E-05,-1.44E-05
18,0,1.409476176,-0.305077877,-0.7,-0.8,2.05E-05,-1.64E-05
18,0,1.409476176,-0.305077877,-0.7,-0.9,2.05E-05,-1.85E-05
18,0,1.409476176,-0.305077877,-0.7,-1,2.05E-05,-2.05E-05
18,0,1.409476176,-0.305077877,-0.8,-0.1,1.43E-05,-1.43E-06
18,0,1.409476176,-0.305077877,-0.8,-0.2,2.46E-05,-4.91E-06
18,0,1.409476176,-0.305077877,-0.8,-0.3,2.79E-05,-8.37E-06
18,0,1.409476176,-0.305077877,-0.8,-0.4,2.81E-05,-1.12E-05
18,0,1.409476176,-0.305077877,-0.8,-0.5,2.81E-05,-1.40E-05
18,0,1.409476176,-0.305077877,-0.8,-0.6,2.81E-05,-1.68E-05
18,0,1.409476176,-0.305077877,-0.8,-0.7,2.81E-05,-1.97E-05
18,0,1.409476176,-0.305077877,-0.8,-0.8,2.81E-05,-2.25E-05
18,0,1.409476176,-0.305077877,-0.8,-0.9,2.81E-05,-2.53E-05
18,0,1.409476176,-0.305077877,-0.8,-1,2.81E-05,-2.81E-05
18,0,1.409476176,-0.305077877,-0.9,-0.1,1.48E-05,-1.48E-06
18,0,1.409476176,-0.305077877,-0.9,-0.2,2.77E-05,-5.54E-06
18,0,1.409476176,-0.305077877,-0.9,-0.3,3.39E-05,-1.02E-05
18,0,1.409476176,-0.305077877,-0.9,-0.4,3.47E-05,-1.39E-05
18,0,1.409476176,-0.305077877,-0.9,-0.5,3.47E-05,-1.73E-05
18,0,1.409476176,-0.305077877,-0.9,-0.6,3.47E-05,-2.08E-05
18,0,1.409476176,-0.305077877,-0.9,-0.7,3.47E-05,-2.43E-05
18,0,1.409476176,-0.305077877,-0.9,-0.8,3.47E-05,-2.77E-05
18,0,1.409476176,-0.305077877,-0.9,-0.9,3.47E-05,-3.12E-05
18,0,1.409476176,-0.305077877,-0.9,-1,3.47E-05,-3.47E-05
18,0,1.409476176,-0.305077877,-1,-0.1,1.54E-05,-1.54E-06
18,0,1.409476176,-0.305077877,-1,-0.2,2.89E-05,-5.78E-06
18,0,1.409476176,-0.305077877,-1,-0.3,3.78E-05,-1.13E-05
18,0,1.409476176,-0.305077877,-1,-0.4,4.01E-05,-1.60E-05
18,0,1.409476176,-0.305077877,-1,-0.5,4.02E-05,-2.01E-05
18,0,1.409476176,-0.305077877,-1,-0.6,4.02E-05,-2.41E-05
18,0,1.409476176,-0.305077877,-1,-0.7,4.02E-05,-2.81E-05
18,0,1.409476176,-0.305077877,-1,-0.8,4.02E-05,-3.22E-05
18,0,1.409476176,-0.305077877,-1,-0.9,4.02E-05,-3.62E-05
18,0,1.409476176,-0.305077877,-1,-1,4.02E-05,-4.02E-05
17,0,1.331171944,-0.323023635,0,-0.1,1.16E-11,-1.16E-12
17,0,1.331171944,-0.323023635,0,-0.2,1.18E-11,-2.36E-12
17,0,1.331171944,-0.323023635,0,-0.3,1.18E-11,-3.54E-12
17,0,1.331171944,-0.323023635,0,-0.4,1.18E-11,-4.72E-12
17,0,1.331171944,-0.323023635,0,-0.5,1.18E-11,-5.90E-12
17,0,1.331171944,-0.323023635,0,-0.6,1.18E-11,-7.08E-12
17,0,1.331171944,-0.323023635,0,-0.7,1.18E-11,-8.27E-12
17,0,1.331171944,-0.323023635,0,-0.8,1.18E-11,-9.45E-12
17,0,1.331171944,-0.323023635,0,-0.9,1.18E-11,-1.06E-11
17,0,1.331171944,-0.323023635,0,-1,1.18E-11,-1.18E-11
17,0,1.331171944,-0.323023635,-0.1,-0.1,4.21E-10,-4.21E-11
17,0,1.331171944,-0.323023635,-0.1,-0.2,4.30E-10,-8.60E-11
17,0,1.331171944,-0.323023635,-0.1,-0.3,4.30E-10,-1.29E-10
17,0,1.331171944,-0.323023635,-0.1,-0.4,4.30E-10,-1.72E-10
17,0,1.331171944,-0.323023635,-0.1,-0.5,4.30E-10,-2.15E-10
17,0,1.331171944,-0.323023635,-0.1,-0.6,4.30E-10,-2.58E-10
17,0,1.331171944,-0.323023635,-0.1,-0.7,4.30E-10,-3.01E-10
17,0,1.331171944,-0.323023635,-0.1,-0.8,4.30E-10,-3.44E-10
17,0,1.331171944,-0.323023635,-0.1,-0.9,4.30E-10,-3.87E-10
17,0,1.331171944,-0.323023635,-0.1,-1,4.30E-10,-4.30E-10
17,0,1.331171944,-0.323023635,-0.2,-0.1,1.51E-08,-1.51E-09
17,0,1.331171944,-0.323023635,-0.2,-0.2,1.54E-08,-3.07E-09
17,0,1.331171944,-0.323023635,-0.2,-0.3,1.54E-08,-4.61E-09
17,0,1.331171944,-0.323023635,-0.2,-0.4,1.54E-08,-6.15E-09
17,0,1.331171944,-0.323023635,-0.2,-0.5,1.54E-08,-7.69E-09
17,0,1.331171944,-0.323023635,-0.2,-0.6,1.54E-08,-9.23E-09
17,0,1.331171944,-0.323023635,-0.2,-0.7,1.54E-08,-1.08E-08
17,0,1.331171944,-0.323023635,-0.2,-0.8,1.54E-08,-1.23E-08
17,0,1.331171944,-0.323023635,-0.2,-0.9,1.54E-08,-1.38E-08
17,0,1.331171944,-0.323023635,-0.2,-1,1.54E-08,-1.54E-08
17,0,1.331171944,-0.323023635,-0.3,-0.1,3.54E-07,-3.54E-08
17,0,1.331171944,-0.323023635,-0.3,-0.2,3.64E-07,-7.27E-08
17,0,1.331171944,-0.323023635,-0.3,-0.3,3.64E-07,-1.09E-07
17,0,1.331171944,-0.323023635,-0.3,-0.4,3.64E-07,-1.45E-07
17,0,1.331171944,-0.323023635,-0.3,-0.5,3.64E-07,-1.82E-07
17,0,1.331171944,-0.323023635,-0.3,-0.6,3.64E-07,-2.18E-07
17,0,1.331171944,-0.323023635,-0.3,-0.7,3.64E-07,-2.55E-07
17,0,1.331171944,-0.323023635,-0.3,-0.8,3.64E-07,-2.91E-07
17,0,1.331171944,-0.323023635,-0.3,-0.9,3.64E-07,-3.27E-07
17,0,1.331171944,-0.323023635,-0.3,-1,3.64E-07,-3.64E-07
17,0,1.331171944,-0.323023635,-0.4,-0.1,2.06E-06,-2.06E-07
17,0,1.331171944,-0.323023635,-0.4,-0.2,2.16E-06,-4.33E-07
17,0,1.331171944,-0.323023635,-0.4,-0.3,2.17E-06,-6.50E-07
17,0,1.331171944,-0.323023635,-0.4,-0.4,2.17E-06,-8.66E-07
17,0,1.331171944,-0.323023635,-0.4,-0.5,2.17E-06,-1.08E-06
17,0,1.331171944,-0.323023635,-0.4,-0.6,2.17E-06,-1.30E-06
17,0,1.331171944,-0.323023635,-0.4,-0.7,2.17E-06,-1.52E-06
17,0,1.331171944,-0.323023635,-0.4,-0.8,2.17E-06,-1.73E-06
17,0,1.331171944,-0.323023635,-0.4,-0.9,2.17E-06,-1.95E-06
17,0,1.331171944,-0.323023635,-0.4,-1,2.17E-06,-2.17E-06
17,0,1.331171944,-0.323023635,-0.5,-0.1,5.23E-06,-5.23E-07
17,0,1.331171944,-0.323023635,-0.5,-0.2,5.77E-06,-1.15E-06
17,0,1.331171944,-0.323023635,-0.5,-0.3,5.79E-06,-1.74E-06
17,0,1.331171944,-0.323023635,-0.5,-0.4,5.79E-06,-2.31E-06
17,0,1.331171944,-0.323023635,-0.5,-0.5,5.79E-06,-2.89E-06
17,0,1.331171944,-0.323023635,-0.5,-0.6,5.79E-06,-3.47E-06
17,0,1.331171944,-0.323023635,-0.5,-0.7,5.79E-06,-4.05E-06
17,0,1.331171944,-0.323023635,-0.5,-0.8,5.79E-06,-4.63E-06
17,0,1.331171944,-0.323023635,-0.5,-0.9,5.79E-06,-5.21E-06
17,0,1.331171944,-0.323023635,-0.5,-1,5.79E-06,-5.79E-06
17,0,1.331171944,-0.323023635,-0.6,-0.1,9.05E-06,-9.05E-07
17,0,1.331171944,-0.323023635,-0.6,-0.2,1.13E-05,-2.27E-06
17,0,1.331171944,-0.323023635,-0.6,-0.3,1.14E-05,-3.43E-06
17,0,1.331171944,-0.323023635,-0.6,-0.4,1.14E-05,-4.57E-06
17,0,1.331171944,-0.323023635,-0.6,-0.5,1.14E-05,-5.71E-06
17,0,1.331171944,-0.323023635,-0.6,-0.6,1.14E-05,-6.85E-06
17,0,1.331171944,-0.323023635,-0.6,-0.7,1.14E-05,-7.99E-06
17,0,1.331171944,-0.323023635,-0.6,-0.8,1.14E-05,-9.14E-06
17,0,1.331171944,-0.323023635,-0.6,-0.9,1.14E-05,-1.03E-05
17,0,1.331171944,-0.323023635,-0.6,-1,1.14E-05,-1.14E-05
17,0,1.331171944,-0.323023635,-0.7,-0.1,1.23E-05,-1.23E-06
17,0,1.331171944,-0.323023635,-0.7,-0.2,1.80E-05,-3.59E-06
17,0,1.331171944,-0.323023635,-0.7,-0.3,1.85E-05,-5.54E-06
17,0,1.331171944,-0.323023635,-0.7,-0.4,1.85E-05,-7.39E-06
17,0,1.331171944,-0.323023635,-0.7,-0.5,1.85E-05,-9.24E-06
17,0,1.331171944,-0.323023635,-0.7,-0.6,1.85E-05,-1.11E-05
17,0,1.331171944,-0.323023635,-0.7,-0.7,1.85E-05,-1.29E-05
17,0,1.331171944,-0.323023635,-0.7,-0.8,1.85E-05,-1.48E-05
17,0,1.331171944,-0.323023635,-0.7,-0.9,1.85E-05,-1.66E-05
17,0,1.331171944,-0.323023635,-0.7,-1,1.85E-05,-1.85E-05
17,0,1.331171944,-0.323023635,-0.8,-0.1,1.39E-05,-1.39E-06
17,0,1.331171944,-0.323023635,-0.8,-0.2,2.33E-05,-4.67E-06
17,0,1.331171944,-0.323023635,-0.8,-0.3,2.57E-05,-7.72E-06
17,0,1.331171944,-0.323023635,-0.8,-0.4,2.58E-05,-1.03E-05
17,0,1.331171944,-0.323023635,-0.8,-0.5,2.58E-05,-1.29E-05
17,0,1.331171944,-0.323023635,-0.8,-0.6,2.58E-05,-1.55E-05
17,0,1.331171944,-0.323023635,-0.8,-0.7,2.58E-05,-1.81E-05
17,0,1.331171944,-0.323023635,-0.8,-0.8,2.58E-05,-2.07E-05
17,0,1.331171944,-0.323023635,-0.8,-0.9,2.58E-05,-2.32E-05
17,0,1.331171944,-0.323023635,-0.8,-1,2.58E-05,-2.58E-05
17,0,1.331171944,-0.323023635,-0.9,-0.1,1.46E-05,-1.46E-06
17,0,1.331171944,-0.323023635,-0.9,-0.2,2.70E-05,-5.40E-06
17,0,1.331171944,-0.323023635,-0.9,-0.3,3.24E-05,-9.71E-06
17,0,1.331171944,-0.323023635,-0.9,-0.4,3.29E-05,-1.31E-05
17,0,1.331171944,-0.323023635,-0.9,-0.5,3.29E-05,-1.64E-05
17,0,1.331171944,-0.323023635,-0.9,-0.6,3.29E-05,-1.97E-05
17,0,1.331171944,-0.323023635,-0.9,-0.7,3.29E-05,-2.30E-05
17,0,1.331171944,-0.323023635,-0.9,-0.8,3.29E-05,-2.63E-05
17,0,1.331171944,-0.323023635,-0.9,-0.9,3.29E-05,-2.96E-05
17,0,1.331171944,-0.323023635,-0.9,-1,3.29E-05,-3.29E-05
17,0,1.331171944,-0.323023635,-1,-0.1,1.53E-05,-1.53E-06
17,0,1.331171944,-0.323023635,-1,-0.2,2.85E-05,-5.70E-06
17,0,1.331171944,-0.323023635,-1,-0.3,3.67E-05,-1.10E-05
17,0,1.331171944,-0.323023635,-1,-0.4,3.87E-05,-1.55E-05
17,0,1.331171944,-0.323023635,-1,-0.5,3.88E-05,-1.94E-05
17,0,1.331171944,-0.323023635,-1,-0.6,3.88E-05,-2.33E-05
17,0,1.331171944,-0.323023635,-1,-0.7,3.88E-05,-2.71E-05
17,0,1.331171944,-0.323023635,-1,-0.8,3.88E-05,-3.10E-05
17,0,1.331171944,-0.323023635,-1,-0.9,3.88E-05,-3.49E-05
17,0,1.331171944,-0.323023635,-1,-1,3.88E-05,-3.88E-05
16,0,1.252867712,-0.343212612,0,-0.1,5.38E-12,-5.38E-13
16,0,1.252867712,-0.343212612,0,-0.2,5.49E-12,-1.10E-12
16,0,1.252867712,-0.343212612,0,-0.3,5.49E-12,-1.65E-12
16,0,1.252867712,-0.343212612,0,-0.4,5.49E-12,-2.20E-12
16,0,1.252867712,-0.343212612,0,-0.5,5.49E-12,-2.74E-12
16,0,1.252867712,-0.343212612,0,-0.6,5.49E-12,-3.29E-12
16,0,1.252867712,-0.343212612,0,-0.7,5.49E-12,-3.84E-12
16,0,1.252867712,-0.343212612,0,-0.8,5.49E-12,-4.39E-12
16,0,1.252867712,-0.343212612,0,-0.9,5.49E-12,-4.94E-12
16,0,1.252867712,-0.343212612,0,-1,5.49E-12,-5.49E-12
16,0,1.252867712,-0.343212612,-0.1,-0.1,1.95E-10,-1.95E-11
16,0,1.252867712,-0.343212612,-0.1,-0.2,1.99E-10,-3.98E-11
16,0,1.252867712,-0.343212612,-0.1,-0.3,1.99E-10,-5.97E-11
16,0,1.252867712,-0.343212612,-0.1,-0.4,1.99E-10,-7.96E-11
16,0,1.252867712,-0.343212612,-0.1,-0.5,1.99E-10,-9.95E-11
16,0,1.252867712,-0.343212612,-0.1,-0.6,1.99E-10,-1.19E-10
16,0,1.252867712,-0.343212612,-0.1,-0.7,1.99E-10,-1.39E-10
16,0,1.252867712,-0.343212612,-0.1,-0.8,1.99E-10,-1.59E-10
16,0,1.252867712,-0.343212612,-0.1,-0.9,1.99E-10,-1.79E-10
16,0,1.252867712,-0.343212612,-0.1,-1,1.99E-10,-1.99E-10
16,0,1.252867712,-0.343212612,-0.2,-0.1,6.99E-09,-6.99E-10
16,0,1.252867712,-0.343212612,-0.2,-0.2,7.14E-09,-1.43E-09
16,0,1.252867712,-0.343212612,-0.2,-0.3,7.14E-09,-2.14E-09
16,0,1.252867712,-0.343212612,-0.2,-0.4,7.14E-09,-2.86E-09
16,0,1.252867712,-0.343212612,-0.2,-0.5,7.14E-09,-3.57E-09
16,0,1.252867712,-0.343212612,-0.2,-0.6,7.14E-09,-4.29E-09
16,0,1.252867712,-0.343212612,-0.2,-0.7,7.14E-09,-5.00E-09
16,0,1.252867712,-0.343212612,-0.2,-0.8,7.14E-09,-5.72E-09
16,0,1.252867712,-0.343212612,-0.2,-0.9,7.14E-09,-6.43E-09
16,0,1.252867712,-0.343212612,-0.2,-1,7.14E-09,-7.14E-09
16,0,1.252867712,-0.343212612,-0.3,-0.1,1.96E-07,-1.96E-08
16,0,1.252867712,-0.343212612,-0.3,-0.2,2.01E-07,-4.02E-08
16,0,1.252867712,-0.343212612,-0.3,-0.3,2.01E-07,-6.04E-08
16,0,1.252867712,-0.343212612,-0.3,-0.4,2.01E-07,-8.05E-08
16,0,1.252867712,-0.343212612,-0.3,-0.5,2.01E-07,-1.01E-07
16,0,1.252867712,-0.343212612,-0.3,-0.6,2.01E-07,-1.21E-07
16,0,1.252867712,-0.343212612,-0.3,-0.7,2.01E-07,-1.41E-07
16,0,1.252867712,-0.343212612,-0.3,-0.8,2.01E-07,-1.61E-07
16,0,1.252867712,-0.343212612,-0.3,-0.9,2.01E-07,-1.81E-07
16,0,1.252867712,-0.343212612,-0.3,-1,2.01E-07,-2.01E-07
16,0,1.252867712,-0.343212612,-0.4,-0.1,1.51E-06,-1.51E-07
16,0,1.252867712,-0.343212612,-0.4,-0.2,1.58E-06,-3.16E-07
16,0,1.252867712,-0.343212612,-0.4,-0.3,1.58E-06,-4.74E-07
16,0,1.252867712,-0.343212612,-0.4,-0.4,1.58E-06,-6.33E-07
16,0,1.252867712,-0.343212612,-0.4,-0.5,1.58E-06,-7.91E-07
16,0,1.252867712,-0.343212612,-0.4,-0.6,1.58E-06,-9.49E-07
16,0,1.252867712,-0.343212612,-0.4,-0.7,1.58E-06,-1.11E-06
16,0,1.252867712,-0.343212612,-0.4,-0.8,1.58E-06,-1.27E-06
16,0,1.252867712,-0.343212612,-0.4,-0.9,1.58E-06,-1.42E-06
16,0,1.252867712,-0.343212612,-0.4,-1,1.58E-06,-1.58E-06
16,0,1.252867712,-0.343212612,-0.5,-0.1,4.29E-06,-4.29E-07
16,0,1.252867712,-0.343212612,-0.5,-0.2,4.65E-06,-9.31E-07
16,0,1.252867712,-0.343212612,-0.5,-0.3,4.66E-06,-1.40E-06
16,0,1.252867712,-0.343212612,-0.5,-0.4,4.66E-06,-1.87E-06
16,0,1.252867712,-0.343212612,-0.5,-0.5,4.66E-06,-2.33E-06
16,0,1.252867712,-0.343212612,-0.5,-0.6,4.66E-06,-2.80E-06
16,0,1.252867712,-0.343212612,-0.5,-0.7,4.66E-06,-3.26E-06
16,0,1.252867712,-0.343212612,-0.5,-0.8,4.66E-06,-3.73E-06
16,0,1.252867712,-0.343212612,-0.5,-0.9,4.66E-06,-4.20E-06
16,0,1.252867712,-0.343212612,-0.5,-1,4.66E-06,-4.66E-06
16,0,1.252867712,-0.343212612,-0.6,-0.1,7.97E-06,-7.97E-07
16,0,1.252867712,-0.343212612,-0.6,-0.2,9.54E-06,-1.91E-06
16,0,1.252867712,-0.343212612,-0.6,-0.3,9.59E-06,-2.88E-06
16,0,1.252867712,-0.343212612,-0.6,-0.4,9.60E-06,-3.84E-06
16,0,1.252867712,-0.343212612,-0.6,-0.5,9.60E-06,-4.80E-06
16,0,1.252867712,-0.343212612,-0.6,-0.6,9.60E-06,-5.76E-06
16,0,1.252867712,-0.343212612,-0.6,-0.7,9.60E-06,-6.72E-06
16,0,1.252867712,-0.343212612,-0.6,-0.8,9.60E-06,-7.68E-06
16,0,1.252867712,-0.343212612,-0.6,-0.9,9.60E-06,-8.64E-06
16,0,1.252867712,-0.343212612,-0.6,-1,9.60E-06,-9.60E-06
16,0,1.252867712,-0.343212612,-0.7,-0.1,1.14E-05,-1.14E-06
16,0,1.252867712,-0.343212612,-0.7,-0.2,1.59E-05,-3.19E-06
16,0,1.252867712,-0.343212612,-0.7,-0.3,1.62E-05,-4.87E-06
16,0,1.252867712,-0.343212612,-0.7,-0.4,1.62E-05,-6.50E-06
16,0,1.252867712,-0.343212612,-0.7,-0.5,1.62E-05,-8.12E-06
16,0,1.252867712,-0.343212612,-0.7,-0.6,1.62E-05,-9.75E-06
16,0,1.252867712,-0.343212612,-0.7,-0.7,1.62E-05,-1.14E-05
16,0,1.252867712,-0.343212612,-0.7,-0.8,1.62E-05,-1.30E-05
16,0,1.252867712,-0.343212612,-0.7,-0.9,1.62E-05,-1.46E-05
16,0,1.252867712,-0.343212612,-0.7,-1,1.62E-05,-1.62E-05
16,0,1.252867712,-0.343212612,-0.8,-0.1,1.35E-05,-1.35E-06
16,0,1.252867712,-0.343212612,-0.8,-0.2,2.17E-05,-4.35E-06
16,0,1.252867712,-0.343212612,-0.8,-0.3,2.33E-05,-6.99E-06
16,0,1.252867712,-0.343212612,-0.8,-0.4,2.34E-05,-9.34E-06
16,0,1.252867712,-0.343212612,-0.8,-0.5,2.34E-05,-1.17E-05
16,0,1.252867712,-0.343212612,-0.8,-0.6,2.34E-05,-1.40E-05
16,0,1.252867712,-0.343212612,-0.8,-0.7,2.34E-05,-1.63E-05
16,0,1.252867712,-0.343212612,-0.8,-0.8,2.34E-05,-1.87E-05
16,0,1.252867712,-0.343212612,-0.8,-0.9,2.34E-05,-2.10E-05
16,0,1.252867712,-0.343212612,-0.8,-1,2.34E-05,-2.34E-05
16,0,1.252867712,-0.343212612,-0.9,-0.1,1.44E-05,-1.44E-06
16,0,1.252867712,-0.343212612,-0.9,-0.2,2.61E-05,-5.22E-06
16,0,1.252867712,-0.343212612,-0.9,-0.3,3.04E-05,-9.12E-06
16,0,1.252867712,-0.343212612,-0.9,-0.4,3.07E-05,-1.23E-05
16,0,1.252867712,-0.343212612,-0.9,-0.5,3.07E-05,-1.54E-05
16,0,1.252867712,-0.343212612,-0.9,-0.6,3.07E-05,-1.84E-05
16,0,1.252867712,-0.343212612,-0.9,-0.7,3.07E-05,-2.15E-05
16,0,1.252867712,-0.343212612,-0.9,-0.8,3.07E-05,-2.46E-05
16,0,1.252867712,-0.343212612,-0.9,-0.9,3.07E-05,-2.76E-05
16,0,1.252867712,-0.343212612,-0.9,-1,3.07E-05,-3.07E-05
16,0,1.252867712,-0.343212612,-1,-0.1,1.51E-05,-1.51E-06
16,0,1.252867712,-0.343212612,-1,-0.2,2.81E-05,-5.62E-06
16,0,1.252867712,-0.343212612,-1,-0.3,3.54E-05,-1.06E-05
16,0,1.252867712,-0.343212612,-1,-0.4,3.69E-05,-1.48E-05
16,0,1.252867712,-0.343212612,-1,-0.5,3.69E-05,-1.85E-05
16,0,1.252867712,-0.343212612,-1,-0.6,3.69E-05,-2.22E-05
16,0,1.252867712,-0.343212612,-1,-0.7,3.69E-05,-2.59E-05
16,0,1.252867712,-0.343212612,-1,-0.8,3.69E-05,-2.96E-05
16,0,1.252867712,-0.343212612,-1,-0.9,3.69E-05,-3.32E-05
16,0,1.252867712,-0.343212612,-1,-1,3.69E-05,-3.69E-05
15,0,1.17456348,-0.366093453,0,-0.1,2.25E-12,-2.25E-13
15,0,1.17456348,-0.366093453,0,-0.2,2.30E-12,-4.59E-13
15,0,1.17456348,-0.366093453,0,-0.3,2.30E-12,-6.89E-13
15,0,1.17456348,-0.366093453,0,-0.4,2.30E-12,-9.19E-13
15,0,1.17456348,-0.366093453,0,-0.5,2.30E-12,-1.15E-12
15,0,1.17456348,-0.366093453,0,-0.6,2.30E-12,-1.38E-12
15,0,1.17456348,-0.366093453,0,-0.7,2.30E-12,-1.61E-12
15,0,1.17456348,-0.366093453,0,-0.8,2.30E-12,-1.84E-12
15,0,1.17456348,-0.366093453,0,-0.9,2.30E-12,-2.07E-12
15,0,1.17456348,-0.366093453,0,-1,2.30E-12,-2.30E-12
15,0,1.17456348,-0.366093453,-0.1,-0.1,8.11E-11,-8.11E-12
15,0,1.17456348,-0.366093453,-0.1,-0.2,8.27E-11,-1.65E-11
15,0,1.17456348,-0.366093453,-0.1,-0.3,8.28E-11,-2.48E-11
15,0,1.17456348,-0.366093453,-0.1,-0.4,8.28E-11,-3.31E-11
15,0,1.17456348,-0.366093453,-0.1,-0.5,8.28E-11,-4.14E-11
15,0,1.17456348,-0.366093453,-0.1,-0.6,8.28E-11,-4.97E-11
15,0,1.17456348,-0.366093453,-0.1,-0.7,8.28E-11,-5.79E-11
15,0,1.17456348,-0.366093453,-0.1,-0.8,8.28E-11,-6.62E-11
15,0,1.17456348,-0.366093453,-0.1,-0.9,8.28E-11,-7.45E-11
15,0,1.17456348,-0.366093453,-0.1,-1,8.28E-11,-8.28E-11
15,0,1.17456348,-0.366093453,-0.2,-0.1,2.91E-09,-2.91E-10
15,0,1.17456348,-0.366093453,-0.2,-0.2,2.97E-09,-5.94E-10
15,0,1.17456348,-0.366093453,-0.2,-0.3,2.97E-09,-8.91E-10
15,0,1.17456348,-0.366093453,-0.2,-0.4,2.97E-09,-1.19E-09
15,0,1.17456348,-0.366093453,-0.2,-0.5,2.97E-09,-1.49E-09
15,0,1.17456348,-0.366093453,-0.2,-0.6,2.97E-09,-1.78E-09
15,0,1.17456348,-0.366093453,-0.2,-0.7,2.97E-09,-2.08E-09
15,0,1.17456348,-0.366093453,-0.2,-0.8,2.97E-09,-2.38E-09
15,0,1.17456348,-0.366093453,-0.2,-0.9,2.97E-09,-2.67E-09
15,0,1.17456348,-0.366093453,-0.2,-1,2.97E-09,-2.97E-09
15,0,1.17456348,-0.366093453,-0.3,-0.1,9.24E-08,-9.24E-09
15,0,1.17456348,-0.366093453,-0.3,-0.2,9.45E-08,-1.89E-08
15,0,1.17456348,-0.366093453,-0.3,-0.3,9.46E-08,-2.84E-08
15,0,1.17456348,-0.366093453,-0.3,-0.4,9.46E-08,-3.78E-08
15,0,1.17456348,-0.366093453,-0.3,-0.5,9.46E-08,-4.73E-08
15,0,1.17456348,-0.366093453,-0.3,-0.6,9.46E-08,-5.67E-08
15,0,1.17456348,-0.366093453,-0.3,-0.7,9.46E-08,-6.62E-08
15,0,1.17456348,-0.366093453,-0.3,-0.8,9.46E-08,-7.56E-08
15,0,1.17456348,-0.366093453,-0.3,-0.9,9.46E-08,-8.51E-08
15,0,1.17456348,-0.366093453,-0.3,-1,9.46E-08,-9.46E-08
15,0,1.17456348,-0.366093453,-0.4,-0.1,1.02E-06,-1.02E-07
15,0,1.17456348,-0.366093453,-0.4,-0.2,1.06E-06,-2.12E-07
15,0,1.17456348,-0.366093453,-0.4,-0.3,1.06E-06,-3.18E-07
15,0,1.17456348,-0.366093453,-0.4,-0.4,1.06E-06,-4.24E-07
15,0,1.17456348,-0.366093453,-0.4,-0.5,1.06E-06,-5.29E-07
15,0,1.17456348,-0.366093453,-0.4,-0.6,1.06E-06,-6.35E-07
15,0,1.17456348,-0.366093453,-0.4,-0.7,1.06E-06,-7.41E-07
15,0,1.17456348,-0.366093453,-0.4,-0.8,1.06E-06,-8.47E-07
15,0,1.17456348,-0.366093453,-0.4,-0.9,1.06E-06,-9.53E-07
15,0,1.17456348,-0.366093453,-0.4,-1,1.06E-06,-1.06E-06
15,0,1.17456348,-0.366093453,-0.5,-0.1,3.36E-06,-3.36E-07
15,0,1.17456348,-0.366093453,-0.5,-0.2,3.60E-06,-7.20E-07
15,0,1.17456348,-0.366093453,-0.5,-0.3,3.60E-06,-1.08E-06
15,0,1.17456348,-0.366093453,-0.5,-0.4,3.60E-06,-1.44E-06
15,0,1.17456348,-0.366093453,-0.5,-0.5,3.60E-06,-1.80E-06
15,0,1.17456348,-0.366093453,-0.5,-0.6,3.60E-06,-2.16E-06
15,0,1.17456348,-0.366093453,-0.5,-0.7,3.60E-06,-2.52E-06
15,0,1.17456348,-0.366093453,-0.5,-0.8,3.60E-06,-2.88E-06
15,0,1.17456348,-0.366093453,-0.5,-0.9,3.60E-06,-3.24E-06
15,0,1.17456348,-0.366093453,-0.5,-1,3.60E-06,-3.60E-06
15,0,1.17456348,-0.366093453,-0.6,-0.1,6.78E-06,-6.78E-07
15,0,1.17456348,-0.366093453,-0.6,-0.2,7.80E-06,-1.56E-06
15,0,1.17456348,-0.366093453,-0.6,-0.3,7.83E-06,-2.35E-06
15,0,1.17456348,-0.366093453,-0.6,-0.4,7.83E-06,-3.13E-06
15,0,1.17456348,-0.366093453,-0.6,-0.5,7.83E-06,-3.91E-06
15,0,1.17456348,-0.366093453,-0.6,-0.6,7.83E-06,-4.70E-06
15,0,1.17456348,-0.366093453,-0.6,-0.7,7.83E-06,-5.48E-06
15,0,1.17456348,-0.366093453,-0.6,-0.8,7.83E-06,-6.26E-06
15,0,1.17456348,-0.366093453,-0.6,-0.9,7.83E-06,-7.04E-06
15,0,1.17456348,-0.366093453,-0.6,-1,7.83E-06,-7.83E-06
15,0,1.17456348,-0.366093453,-0.7,-0.1,1.03E-05,-1.03E-06
15,0,1.17456348,-0.366093453,-0.7,-0.2,1.37E-05,-2.74E-06
15,0,1.17456348,-0.366093453,-0.7,-0.3,1.39E-05,-4.16E-06
15,0,1.17456348,-0.366093453,-0.7,-0.4,1.39E-05,-5.55E-06
15,0,1.17456348,-0.366093453,-0.7,-0.5,1.39E-05,-6.94E-06
15,0,1.17456348,-0.366093453,-0.7,-0.6,1.39E-05,-8.33E-06
15,0,1.17456348,-0.366093453,-0.7,-0.7,1.39E-05,-9.72E-06
15,0,1.17456348,-0.366093453,-0.7,-0.8,1.39E-05,-1.11E-05
15,0,1.17456348,-0.366093453,-0.7,-0.9,1.39E-05,-1.25E-05
15,0,1.17456348,-0.366093453,-0.7,-1,1.39E-05,-1.39E-05
15,0,1.17456348,-0.366093453,-0.8,-0.1,1.28E-05,-1.28E-06
15,0,1.17456348,-0.366093453,-0.8,-0.2,1.98E-05,-3.96E-06
15,0,1.17456348,-0.366093453,-0.8,-0.3,2.07E-05,-6.21E-06
15,0,1.17456348,-0.366093453,-0.8,-0.4,2.07E-05,-8.29E-06
15,0,1.17456348,-0.366093453,-0.8,-0.5,2.07E-05,-1.04E-05
15,0,1.17456348,-0.366093453,-0.8,-0.6,2.07E-05,-1.24E-05
15,0,1.17456348,-0.366093453,-0.8,-0.7,2.07E-05,-1.45E-05
15,0,1.17456348,-0.366093453,-0.8,-0.8,2.07E-05,-1.66E-05
15,0,1.17456348,-0.366093453,-0.8,-0.9,2.07E-05,-1.86E-05
15,0,1.17456348,-0.366093453,-0.8,-1,2.07E-05,-2.07E-05
15,0,1.17456348,-0.366093453,-0.9,-0.1,1.41E-05,-1.41E-06
15,0,1.17456348,-0.366093453,-0.9,-0.2,2.48E-05,-4.97E-06
15,0,1.17456348,-0.366093453,-0.9,-0.3,2.81E-05,-8.42E-06
15,0,1.17456348,-0.366093453,-0.9,-0.4,2.82E-05,-1.13E-05
15,0,1.17456348,-0.366093453,-0.9,-0.5,2.82E-05,-1.41E-05
15,0,1.17456348,-0.366093453,-0.9,-0.6,2.82E-05,-1.69E-05
15,0,1.17456348,-0.366093453,-0.9,-0.7,2.82E-05,-1.98E-05
15,0,1.17456348,-0.366093453,-0.9,-0.8,2.82E-05,-2.26E-05
15,0,1.17456348,-0.366093453,-0.9,-0.9,2.82E-05,-2.54E-05
15,0,1.17456348,-0.366093453,-0.9,-1,2.82E-05,-2.82E-05
15,0,1.17456348,-0.366093453,-1,-0.1,1.49E-05,-1.49E-06
15,0,1.17456348,-0.366093453,-1,-0.2,2.75E-05,-5.51E-06
15,0,1.17456348,-0.366093453,-1,-0.3,3.37E-05,-1.01E-05
15,0,1.17456348,-0.366093453,-1,-0.4,3.47E-05,-1.39E-05
15,0,1.17456348,-0.366093453,-1,-0.5,3.47E-05,-1.73E-05
15,0,1.17456348,-0.366093453,-1,-0.6,3.47E-05,-2.08E-05
15,0,1.17456348,-0.366093453,-1,-0.7,3.47E-05,-2.43E-05
15,0,1.17456348,-0.366093453,-1,-0.8,3.47E-05,-2.77E-05
15,0,1.17456348,-0.366093453,-1,-0.9,3.47E-05,-3.12E-05
15,0,1.17456348,-0.366093453,-1,-1,3.47E-05,-3.47E-05
14,0,1.096259248,-0.392242985,0,-0.1,8.30E-13,-8.30E-14
14,0,1.096259248,-0.392242985,0,-0.2,8.47E-13,-1.69E-13
14,0,1.096259248,-0.392242985,0,-0.3,8.47E-13,-2.54E-13
14,0,1.096259248,-0.392242985,0,-0.4,8.47E-13,-3.39E-13
14,0,1.096259248,-0.392242985,0,-0.5,8.47E-13,-4.24E-13
14,0,1.096259248,-0.392242985,0,-0.6,8.47E-13,-5.08E-13
14,0,1.096259248,-0.392242985,0,-0.7,8.47E-13,-5.93E-13
14,0,1.096259248,-0.392242985,0,-0.8,8.47E-13,-6.78E-13
14,0,1.096259248,-0.392242985,0,-0.9,8.47E-13,-7.63E-13
14,0,1.096259248,-0.392242985,0,-1,8.47E-13,-8.47E-13
14,0,1.096259248,-0.392242985,-0.1,-0.1,2.97E-11,-2.97E-12
14,0,1.096259248,-0.392242985,-0.1,-0.2,3.03E-11,-6.06E-12
14,0,1.096259248,-0.392242985,-0.1,-0.3,3.03E-11,-9.10E-12
14,0,1.096259248,-0.392242985,-0.1,-0.4,3.03E-11,-1.21E-11
14,0,1.096259248,-0.392242985,-0.1,-0.5,3.03E-11,-1.52E-11
14,0,1.096259248,-0.392242985,-0.1,-0.6,3.03E-11,-1.82E-11
14,0,1.096259248,-0.392242985,-0.1,-0.7,3.03E-11,-2.12E-11
14,0,1.096259248,-0.392242985,-0.1,-0.8,3.03E-11,-2.43E-11
14,0,1.096259248,-0.392242985,-0.1,-0.9,3.03E-11,-2.73E-11
14,0,1.096259248,-0.392242985,-0.1,-1,3.03E-11,-3.03E-11
14,0,1.096259248,-0.392242985,-0.2,-0.1,1.06E-09,-1.06E-10
14,0,1.096259248,-0.392242985,-0.2,-0.2,1.08E-09,-2.17E-10
14,0,1.096259248,-0.392242985,-0.2,-0.3,1.08E-09,-3.25E-10
14,0,1.096259248,-0.392242985,-0.2,-0.4,1.08E-09,-4.33E-10
14,0,1.096259248,-0.392242985,-0.2,-0.5,1.08E-09,-5.42E-10
14,0,1.096259248,-0.392242985,-0.2,-0.6,1.08E-09,-6.50E-10
14,0,1.096259248,-0.392242985,-0.2,-0.7,1.08E-09,-7.59E-10
14,0,1.096259248,-0.392242985,-0.2,-0.8,1.08E-09,-8.67E-10
14,0,1.096259248,-0.392242985,-0.2,-0.9,1.08E-09,-9.75E-10
14,0,1.096259248,-0.392242985,-0.2,-1,1.08E-09,-1.08E-09
14,0,1.096259248,-0.392242985,-0.3,-0.1,3.61E-08,-3.61E-09
14,0,1.096259248,-0.392242985,-0.3,-0.2,3.69E-08,-7.37E-09
14,0,1.096259248,-0.392242985,-0.3,-0.3,3.69E-08,-1.11E-08
14,0,1.096259248,-0.392242985,-0.3,-0.4,3.69E-08,-1.48E-08
14,0,1.096259248,-0.392242985,-0.3,-0.5,3.69E-08,-1.84E-08
14,0,1.096259248,-0.392242985,-0.3,-0.6,3.69E-08,-2.21E-08
14,0,1.096259248,-0.392242985,-0.3,-0.7,3.69E-08,-2.58E-08
14,0,1.096259248,-0.392242985,-0.3,-0.8,3.69E-08,-2.95E-08
14,0,1.096259248,-0.392242985,-0.3,-0.9,3.69E-08,-3.32E-08
14,0,1.096259248,-0.392242985,-0.3,-1,3.69E-08,-3.69E-08
14,0,1.096259248,-0.392242985,-0.4,-0.1,5.97E-07,-5.97E-08
14,0,1.096259248,-0.392242985,-0.4,-0.2,6.16E-07,-1.23E-07
14,0,1.096259248,-0.392242985,-0.4,-0.3,6.16E-07,-1.85E-07
14,0,1.096259248,-0.392242985,-0.4,-0.4,6.16E-07,-2.47E-07
14,0,1.096259248,-0.392242985,-0.4,-0.5,6.16E-07,-3.08E-07
14,0,1.096259248,-0.392242985,-0.4,-0.6,6.16E-07,-3.70E-07
14,0,1.096259248,-0.392242985,-0.4,-0.7,6.16E-07,-4.32E-07
14,0,1.096259248,-0.392242985,-0.4,-0.8,6.16E-07,-4.93E-07
14,0,1.096259248,-0.392242985,-0.4,-0.9,6.16E-07,-5.55E-07
14,0,1.096259248,-0.392242985,-0.4,-1,6.16E-07,-6.16E-07
14,0,1.096259248,-0.392242985,-0.5,-0.1,2.48E-06,-2.48E-07
14,0,1.096259248,-0.392242985,-0.5,-0.2,2.62E-06,-5.24E-07
14,0,1.096259248,-0.392242985,-0.5,-0.3,2.62E-06,-7.87E-07
14,0,1.096259248,-0.392242985,-0.5,-0.4,2.62E-06,-1.05E-06
14,0,1.096259248,-0.392242985,-0.5,-0.5,2.62E-06,-1.31E-06
14,0,1.096259248,-0.392242985,-0.5,-0.6,2.62E-06,-1.57E-06
14,0,1.096259248,-0.392242985,-0.5,-0.7,2.62E-06,-1.84E-06
14,0,1.096259248,-0.392242985,-0.5,-0.8,2.62E-06,-2.10E-06
14,0,1.096259248,-0.392242985,-0.5,-0.9,2.62E-06,-2.36E-06
14,0,1.096259248,-0.392242985,-0.5,-1,2.62E-06,-2.62E-06
14,0,1.096259248,-0.392242985,-0.6,-0.1,5.51E-06,-5.51E-07
14,0,1.096259248,-0.392242985,-0.6,-0.2,6.14E-06,-1.23E-06
14,0,1.096259248,-0.392242985,-0.6,-0.3,6.15E-06,-1.85E-06
14,0,1.096259248,-0.392242985,-0.6,-0.4,6.15E-06,-2.46E-06
14,0,1.096259248,-0.392242985,-0.6,-0.5,6.15E-06,-3.08E-06
14,0,1.096259248,-0.392242985,-0.6,-0.6,6.15E-06,-3.69E-06
14,0,1.096259248,-0.392242985,-0.6,-0.7,6.15E-06,-4.31E-06
14,0,1.096259248,-0.392242985,-0.6,-0.8,6.15E-06,-4.92E-06
14,0,1.096259248,-0.392242985,-0.6,-0.9,6.15E-06,-5.54E-06
14,0,1.096259248,-0.392242985,-0.6,-1,6.15E-06,-6.15E-06
14,0,1.096259248,-0.392242985,-0.7,-0.1,9.08E-06,-9.08E-07
14,0,1.096259248,-0.392242985,-0.7,-0.2,1.14E-05,-2.27E-06
14,0,1.096259248,-0.392242985,-0.7,-0.3,1.14E-05,-3.43E-06
14,0,1.096259248,-0.392242985,-0.7,-0.4,1.14E-05,-4.58E-06
14,0,1.096259248,-0.392242985,-0.7,-0.5,1.14E-05,-5.72E-06
14,0,1.096259248,-0.392242985,-0.7,-0.6,1.14E-05,-6.87E-06
14,0,1.096259248,-0.392242985,-0.7,-0.7,1.14E-05,-8.01E-06
14,0,1.096259248,-0.392242985,-0.7,-0.8,1.14E-05,-9.16E-06
14,0,1.096259248,-0.392242985,-0.7,-0.9,1.14E-05,-1.03E-05
14,0,1.096259248,-0.392242985,-0.7,-1,1.14E-05,-1.14E-05
14,0,1.096259248,-0.392242985,-0.8,-0.1,1.20E-05,-1.20E-06
14,0,1.096259248,-0.392242985,-0.8,-0.2,1.75E-05,-3.50E-06
14,0,1.096259248,-0.392242985,-0.8,-0.3,1.80E-05,-5.39E-06
14,0,1.096259248,-0.392242985,-0.8,-0.4,1.80E-05,-7.19E-06
14,0,1.096259248,-0.392242985,-0.8,-0.5,1.80E-05,-8.99E-06
14,0,1.096259248,-0.392242985,-0.8,-0.6,1.80E-05,-1.08E-05
14,0,1.096259248,-0.392242985,-0.8,-0.7,1.80E-05,-1.26E-05
14,0,1.096259248,-0.392242985,-0.8,-0.8,1.80E-05,-1.44E-05
14,0,1.096259248,-0.392242985,-0.8,-0.9,1.80E-05,-1.62E-05
14,0,1.096259248,-0.392242985,-0.8,-1,1.80E-05,-1.80E-05
14,0,1.096259248,-0.392242985,-0.9,-0.1,1.36E-05,-1.36E-06
14,0,1.096259248,-0.392242985,-0.9,-0.2,2.33E-05,-4.65E-06
14,0,1.096259248,-0.392242985,-0.9,-0.3,2.55E-05,-7.64E-06
14,0,1.096259248,-0.392242985,-0.9,-0.4,2.55E-05,-1.02E-05
14,0,1.096259248,-0.392242985,-0.9,-0.5,2.55E-05,-1.28E-05
14,0,1.096259248,-0.392242985,-0.9,-0.6,2.55E-05,-1.53E-05
14,0,1.096259248,-0.392242985,-0.9,-0.7,2.55E-05,-1.79E-05
14,0,1.096259248,-0.392242985,-0.9,-0.8,2.55E-05,-2.04E-05
14,0,1.096259248,-0.392242985,-0.9,-0.9,2.55E-05,-2.30E-05
14,0,1.096259248,-0.392242985,-0.9,-1,2.55E-05,-2.55E-05
14,0,1.096259248,-0.392242985,-1,-0.1,1.47E-05,-1.47E-06
14,0,1.096259248,-0.392242985,-1,-0.2,2.69E-05,-5.37E-06
14,0,1.096259248,-0.392242985,-1,-0.3,3.20E-05,-9.59E-06
14,0,1.096259248,-0.392242985,-1,-0.4,3.24E-05,-1.30E-05
14,0,1.096259248,-0.392242985,-1,-0.5,3.24E-05,-1.62E-05
14,0,1.096259248,-0.392242985,-1,-0.6,3.24E-05,-1.94E-05
14,0,1.096259248,-0.392242985,-1,-0.7,3.24E-05,-2.27E-05
14,0,1.096259248,-0.392242985,-1,-0.8,3.24E-05,-2.59E-05
14,0,1.096259248,-0.392242985,-1,-0.9,3.24E-05,-2.92E-05
14,0,1.096259248,-0.392242985,-1,-1,3.24E-05,-3.24E-05
13,0,1.017955016,-0.422415523,0,-0.1,2.61E-13,-2.61E-14
13,0,1.017955016,-0.422415523,0,-0.2,2.67E-13,-5.34E-14
13,0,1.017955016,-0.422415523,0,-0.3,2.67E-13,-8.01E-14
13,0,1.017955016,-0.422415523,0,-0.4,2.67E-13,-1.07E-13
13,0,1.017955016,-0.422415523,0,-0.5,2.67E-13,-1.34E-13
13,0,1.017955016,-0.422415523,0,-0.6,2.67E-13,-1.60E-13
13,0,1.017955016,-0.422415523,0,-0.7,2.67E-13,-1.87E-13
13,0,1.017955016,-0.422415523,0,-0.8,2.67E-13,-2.14E-13
13,0,1.017955016,-0.422415523,0,-0.9,2.67E-13,-2.40E-13
13,0,1.017955016,-0.422415523,0,-1,2.67E-13,-2.67E-13
13,0,1.017955016,-0.422415523,-0.1,-0.1,9.29E-12,-9.29E-13
13,0,1.017955016,-0.422415523,-0.1,-0.2,9.49E-12,-1.90E-12
13,0,1.017955016,-0.422415523,-0.1,-0.3,9.49E-12,-2.85E-12
13,0,1.017955016,-0.422415523,-0.1,-0.4,9.49E-12,-3.80E-12
13,0,1.017955016,-0.422415523,-0.1,-0.5,9.49E-12,-4.74E-12
13,0,1.017955016,-0.422415523,-0.1,-0.6,9.49E-12,-5.69E-12
13,0,1.017955016,-0.422415523,-0.1,-0.7,9.49E-12,-6.64E-12
13,0,1.017955016,-0.422415523,-0.1,-0.8,9.49E-12,-7.59E-12
13,0,1.017955016,-0.422415523,-0.1,-0.9,9.49E-12,-8.54E-12
13,0,1.017955016,-0.422415523,-0.1,-1,9.49E-12,-9.49E-12
13,0,1.017955016,-0.422415523,-0.2,-0.1,3.30E-10,-3.30E-11
13,0,1.017955016,-0.422415523,-0.2,-0.2,3.37E-10,-6.74E-11
13,0,1.017955016,-0.422415523,-0.2,-0.3,3.37E-10,-1.01E-10
13,0,1.017955016,-0.422415523,-0.2,-0.4,3.37E-10,-1.35E-10
13,0,1.017955016,-0.422415523,-0.2,-0.5,3.37E-10,-1.68E-10
13,0,1.017955016,-0.422415523,-0.2,-0.6,3.37E-10,-2.02E-10
13,0,1.017955016,-0.422415523,-0.2,-0.7,3.37E-10,-2.36E-10
13,0,1.017955016,-0.422415523,-0.2,-0.8,3.37E-10,-2.70E-10
13,0,1.017955016,-0.422415523,-0.2,-0.9,3.37E-10,-3.03E-10
13,0,1.017955016,-0.422415523,-0.2,-1,3.37E-10,-3.37E-10
13,0,1.017955016,-0.422415523,-0.3,-0.1,1.15E-08,-1.15E-09
13,0,1.017955016,-0.422415523,-0.3,-0.2,1.18E-08,-2.35E-09
13,0,1.017955016,-0.422415523,-0.3,-0.3,1.18E-08,-3.53E-09
13,0,1.017955016,-0.422415523,-0.3,-0.4,1.18E-08,-4.71E-09
13,0,1.017955016,-0.422415523,-0.3,-0.5,1.18E-08,-5.89E-09
13,0,1.017955016,-0.422415523,-0.3,-0.6,1.18E-08,-7.07E-09
13,0,1.017955016,-0.422415523,-0.3,-0.7,1.18E-08,-8.24E-09
13,0,1.017955016,-0.422415523,-0.3,-0.8,1.18E-08,-9.42E-09
13,0,1.017955016,-0.422415523,-0.3,-0.9,1.18E-08,-1.06E-08
13,0,1.017955016,-0.422415523,-0.3,-1,1.18E-08,-1.18E-08
13,0,1.017955016,-0.422415523,-0.4,-0.1,2.77E-07,-2.77E-08
13,0,1.017955016,-0.422415523,-0.4,-0.2,2.85E-07,-5.69E-08
13,0,1.017955016,-0.422415523,-0.4,-0.3,2.85E-07,-8.54E-08
13,0,1.017955016,-0.422415523,-0.4,-0.4,2.85E-07,-1.14E-07
13,0,1.017955016,-0.422415523,-0.4,-0.5,2.85E-07,-1.42E-07
13,0,1.017955016,-0.422415523,-0.4,-0.6,2.85E-07,-1.71E-07
13,0,1.017955016,-0.422415523,-0.4,-0.7,2.85E-07,-1.99E-07
13,0,1.017955016,-0.422415523,-0.4,-0.8,2.85E-07,-2.28E-07
13,0,1.017955016,-0.422415523,-0.4,-0.9,2.85E-07,-2.56E-07
13,0,1.017955016,-0.422415523,-0.4,-1,2.85E-07,-2.85E-07
13,0,1.017955016,-0.422415523,-0.5,-0.1,1.66E-06,-1.66E-07
13,0,1.017955016,-0.422415523,-0.5,-0.2,1.74E-06,-3.48E-07
13,0,1.017955016,-0.422415523,-0.5,-0.3,1.74E-06,-5.22E-07
13,0,1.017955016,-0.422415523,-0.5,-0.4,1.74E-06,-6.96E-07
13,0,1.017955016,-0.422415523,-0.5,-0.5,1.74E-06,-8.70E-07
13,0,1.017955016,-0.422415523,-0.5,-0.6,1.74E-06,-1.04E-06
13,0,1.017955016,-0.422415523,-0.5,-0.7,1.74E-06,-1.22E-06
13,0,1.017955016,-0.422415523,-0.5,-0.8,1.74E-06,-1.39E-06
13,0,1.017955016,-0.422415523,-0.5,-0.9,1.74E-06,-1.57E-06
13,0,1.017955016,-0.422415523,-0.5,-1,1.74E-06,-1.74E-06
13,0,1.017955016,-0.422415523,-0.6,-0.1,4.22E-06,-4.22E-07
13,0,1.017955016,-0.422415523,-0.6,-0.2,4.58E-06,-9.17E-07
13,0,1.017955016,-0.422415523,-0.6,-0.3,4.59E-06,-1.38E-06
13,0,1.017955016,-0.422415523,-0.6,-0.4,4.59E-06,-1.84E-06
13,0,1.017955016,-0.422415523,-0.6,-0.5,4.59E-06,-2.30E-06
13,0,1.017955016,-0.422415523,-0.6,-0.6,4.59E-06,-2.76E-06
13,0,1.017955016,-0.422415523,-0.6,-0.7,4.59E-06,-3.21E-06
13,0,1.017955016,-0.422415523,-0.6,-0.8,4.59E-06,-3.67E-06
13,0,1.017955016,-0.422415523,-0.6,-0.9,4.59E-06,-4.13E-06
13,0,1.017955016,-0.422415523,-0.6,-1,4.59E-06,-4.59E-06
13,0,1.017955016,-0.422415523,-0.7,-0.1,7.58E-06,-7.58E-07
13,0,1.017955016,-0.422415523,-0.7,-0.2,8.96E-06,-1.79E-06
13,0,1.017955016,-0.422415523,-0.7,-0.3,9.00E-06,-2.70E-06
13,0,1.017955016,-0.422415523,-0.7,-0.4,9.01E-06,-3.60E-06
13,0,1.017955016,-0.422415523,-0.7,-0.5,9.01E-06,-4.50E-06
13,0,1.017955016,-0.422415523,-0.7,-0.6,9.01E-06,-5.40E-06
13,0,1.017955016,-0.422415523,-0.7,-0.7,9.01E-06,-6.30E-06
13,0,1.017955016,-0.422415523,-0.7,-0.8,9.01E-06,-7.20E-06
13,0,1.017955016,-0.422415523,-0.7,-0.9,9.01E-06,-8.10E-06
13,0,1.017955016,-0.422415523,-0.7,-1,9.01E-06,-9.01E-06
13,0,1.017955016,-0.422415523,-0.8,-0.1,1.08E-05,-1.08E-06
13,0,1.017955016,-0.422415523,-0.8,-0.2,1.47E-05,-2.93E-06
13,0,1.017955016,-0.422415523,-0.8,-0.3,1.49E-05,-4.47E-06
13,0,1.017955016,-0.422415523,-0.8,-0.4,1.49E-05,-5.96E-06
13,0,1.017955016,-0.422415523,-0.8,-0.5,1.49E-05,-7.45E-06
13,0,1.017955016,-0.422415523,-0.8,-0.6,1.49E-05,-8.93E-06
13,0,1.017955016,-0.422415523,-0.8,-0.7,1.49E-05,-1.04E-05
13,0,1.017955016,-0.422415523,-0.8,-0.8,1.49E-05,-1.19E-05
13,0,1.017955016,-0.422415523,-0.8,-0.9,1.49E-05,-1.34E-05
13,0,1.017955016,-0.422415523,-0.8,-1,1.49E-05,-1.49E-05
13,0,1.017955016,-0.422415523,-0.9,-0.1,1.29E-05,-1.29E-06
13,0,1.017955016,-0.422415523,-0.9,-0.2,2.07E-05,-4.13E-06
13,0,1.017955016,-0.422415523,-0.9,-0.3,2.18E-05,-6.53E-06
13,0,1.017955016,-0.422415523,-0.9,-0.4,2.18E-05,-8.73E-06
13,0,1.017955016,-0.422415523,-0.9,-0.5,2.18E-05,-1.09E-05
13,0,1.017955016,-0.422415523,-0.9,-0.6,2.18E-05,-1.31E-05
13,0,1.017955016,-0.422415523,-0.9,-0.7,2.18E-05,-1.53E-05
13,0,1.017955016,-0.422415523,-0.9,-0.8,2.18E-05,-1.75E-05
13,0,1.017955016,-0.422415523,-0.9,-0.9,2.18E-05,-1.96E-05
13,0,1.017955016,-0.422415523,-0.9,-1,2.18E-05,-2.18E-05
13,0,1.017955016,-0.422415523,-1,-0.1,1.42E-05,-1.42E-06
13,0,1.017955016,-0.422415523,-1,-0.2,2.53E-05,-5.06E-06
13,0,1.017955016,-0.422415523,-1,-0.3,2.87E-05,-8.62E-06
13,0,1.017955016,-0.422415523,-1,-0.4,2.89E-05,-1.16E-05
13,0,1.017955016,-0.422415523,-1,-0.5,2.89E-05,-1.45E-05
13,0,1.017955016,-0.422415523,-1,-0.6,2.89E-05,-1.73E-05
13,0,1.017955016,-0.422415523,-1,-0.7,2.89E-05,-2.02E-05
13,0,1.017955016,-0.422415523,-1,-0.8,2.89E-05,-2.31E-05
13,0,1.017955016,-0.422415523,-1,-0.9,2.89E-05,-2.60E-05
13,0,1.017955016,-0.422415523,-1,-1,2.89E-05,-2.89E-05
12,0,0.939650784,-0.457616816,0,-0.1,6.78E-14,-6.78E-15
12,0,0.939650784,-0.457616816,0,-0.2,6.92E-14,-1.38E-14
12,0,0.939650784,-0.457616816,0,-0.3,6.92E-14,-2.08E-14
12,0,0.939650784,-0.457616816,0,-0.4,6.92E-14,-2.77E-14
12,0,0.939650784,-0.457616816,0,-0.5,6.92E-14,-3.46E-14
12,0,0.939650784,-0.457616816,0,-0.6,6.92E-14,-4.15E-14
12,0,0.939650784,-0.457616816,0,-0.7,6.92E-14,-4.85E-14
12,0,0.939650784,-0.457616816,0,-0.8,6.92E-14,-5.54E-14
12,0,0.939650784,-0.457616816,0,-0.9,6.92E-14,-6.23E-14
12,0,0.939650784,-0.457616816,0,-1,6.92E-14,-6.92E-14
12,0,0.939650784,-0.457616816,-0.1,-0.1,2.39E-12,-2.39E-13
12,0,0.939650784,-0.457616816,-0.1,-0.2,2.44E-12,-4.88E-13
12,0,0.939650784,-0.457616816,-0.1,-0.3,2.44E-12,-7.32E-13
12,0,0.939650784,-0.457616816,-0.1,-0.4,2.44E-12,-9.76E-13
12,0,0.939650784,-0.457616816,-0.1,-0.5,2.44E-12,-1.22E-12
12,0,0.939650784,-0.457616816,-0.1,-0.6,2.44E-12,-1.46E-12
12,0,0.939650784,-0.457616816,-0.1,-0.7,2.44E-12,-1.71E-12
12,0,0.939650784,-0.457616816,-0.1,-0.8,2.44E-12,-1.95E-12
12,0,0.939650784,-0.457616816,-0.1,-0.9,2.44E-12,-2.20E-12
12,0,0.939650784,-0.457616816,-0.1,-1,2.44E-12,-2.44E-12
12,0,0.939650784,-0.457616816,-0.2,-0.1,8.42E-11,-8.42E-12
12,0,0.939650784,-0.457616816,-0.2,-0.2,8.60E-11,-1.72E-11
12,0,0.939650784,-0.457616816,-0.2,-0.3,8.60E-11,-2.58E-11
12,0,0.939650784,-0.457616816,-0.2,-0.4,8.60E-11,-3.44E-11
12,0,0.939650784,-0.457616816,-0.2,-0.5,8.60E-11,-4.30E-11
12,0,0.939650784,-0.457616816,-0.2,-0.6,8.60E-11,-5.16E-11
12,0,0.939650784,-0.457616816,-0.2,-0.7,8.60E-11,-6.02E-11
12,0,0.939650784,-0.457616816,-0.2,-0.8,8.60E-11,-6.88E-11
12,0,0.939650784,-0.457616816,-0.2,-0.9,8.60E-11,-7.74E-11
12,0,0.939650784,-0.457616816,-0.2,-1,8.60E-11,-8.60E-11
12,0,0.939650784,-0.457616816,-0.3,-0.1,2.96E-09,-2.96E-10
12,0,0.939650784,-0.457616816,-0.3,-0.2,3.02E-09,-6.04E-10
12,0,0.939650784,-0.457616816,-0.3,-0.3,3.02E-09,-9.06E-10
12,0,0.939650784,-0.457616816,-0.3,-0.4,3.02E-09,-1.21E-09
12,0,0.939650784,-0.457616816,-0.3,-0.5,3.02E-09,-1.51E-09
12,0,0.939650784,-0.457616816,-0.3,-0.6,3.02E-09,-1.81E-09
12,0,0.939650784,-0.457616816,-0.3,-0.7,3.02E-09,-2.11E-09
12,0,0.939650784,-0.457616816,-0.3,-0.8,3.02E-09,-2.42E-09
12,0,0.939650784,-0.457616816,-0.3,-0.9,3.02E-09,-2.72E-09
12,0,0.939650784,-0.457616816,-0.3,-1,3.02E-09,-3.02E-09
12,0,0.939650784,-0.457616816,-0.4,-0.1,9.09E-08,-9.09E-09
12,0,0.939650784,-0.457616816,-0.4,-0.2,9.30E-08,-1.86E-08
12,0,0.939650784,-0.457616816,-0.4,-0.3,9.31E-08,-2.79E-08
12,0,0.939650784,-0.457616816,-0.4,-0.4,9.31E-08,-3.72E-08
12,0,0.939650784,-0.457616816,-0.4,-0.5,9.31E-08,-4.65E-08
12,0,0.939650784,-0.457616816,-0.4,-0.6,9.31E-08,-5.58E-08
12,0,0.939650784,-0.457616816,-0.4,-0.7,9.31E-08,-6.51E-08
12,0,0.939650784,-0.457616816,-0.4,-0.8,9.31E-08,-7.44E-08
12,0,0.939650784,-0.457616816,-0.4,-0.9,9.31E-08,-8.38E-08
12,0,0.939650784,-0.457616816,-0.4,-1,9.31E-08,-9.31E-08
12,0,0.939650784,-0.457616816,-0.5,-0.1,9.43E-07,-9.43E-08
12,0,0.939650784,-0.457616816,-0.5,-0.2,9.79E-07,-1.96E-07
12,0,0.939650784,-0.457616816,-0.5,-0.3,9.79E-07,-2.94E-07
12,0,0.939650784,-0.457616816,-0.5,-0.4,9.79E-07,-3.92E-07
12,0,0.939650784,-0.457616816,-0.5,-0.5,9.79E-07,-4.90E-07
12,0,0.939650784,-0.457616816,-0.5,-0.6,9.79E-07,-5.87E-07
12,0,0.939650784,-0.457616816,-0.5,-0.7,9.79E-07,-6.85E-07
12,0,0.939650784,-0.457616816,-0.5,-0.8,9.79E-07,-7.83E-07
12,0,0.939650784,-0.457616816,-0.5,-0.9,9.79E-07,-8.81E-07
12,0,0.939650784,-0.457616816,-0.5,-1,9.79E-07,-9.79E-07
12,0,0.939650784,-0.457616816,-0.6,-0.1,2.98E-06,-2.98E-07
12,0,0.939650784,-0.457616816,-0.6,-0.2,3.17E-06,-6.34E-07
12,0,0.939650784,-0.457616816,-0.6,-0.3,3.17E-06,-9.52E-07
12,0,0.939650784,-0.457616816,-0.6,-0.4,3.17E-06,-1.27E-06
12,0,0.939650784,-0.457616816,-0.6,-0.5,3.17E-06,-1.59E-06
12,0,0.939650784,-0.457616816,-0.6,-0.6,3.17E-06,-1.90E-06
12,0,0.939650784,-0.457616816,-0.6,-0.7,3.17E-06,-2.22E-06
12,0,0.939650784,-0.457616816,-0.6,-0.8,3.17E-06,-2.54E-06
12,0,0.939650784,-0.457616816,-0.6,-0.9,3.17E-06,-2.86E-06
12,0,0.939650784,-0.457616816,-0.6,-1,3.17E-06,-3.17E-06
12,0,0.939650784,-0.457616816,-0.7,-0.1,5.93E-06,-5.93E-07
12,0,0.939650784,-0.457616816,-0.7,-0.2,6.69E-06,-1.34E-06
12,0,0.939650784,-0.457616816,-0.7,-0.3,6.71E-06,-2.01E-06
12,0,0.939650784,-0.457616816,-0.7,-0.4,6.71E-06,-2.68E-06
12,0,0.939650784,-0.457616816,-0.7,-0.5,6.71E-06,-3.35E-06
12,0,0.939650784,-0.457616816,-0.7,-0.6,6.71E-06,-4.02E-06
12,0,0.939650784,-0.457616816,-0.7,-0.7,6.71E-06,-4.70E-06
12,0,0.939650784,-0.457616816,-0.7,-0.8,6.71E-06,-5.37E-06
12,0,0.939650784,-0.457616816,-0.7,-0.9,6.71E-06,-6.04E-06
12,0,0.939650784,-0.457616816,-0.7,-1,6.71E-06,-6.71E-06
12,0,0.939650784,-0.457616816,-0.8,-0.1,9.24E-06,-9.24E-07
12,0,0.939650784,-0.457616816,-0.8,-0.2,1.16E-05,-2.33E-06
12,0,0.939650784,-0.457616816,-0.8,-0.3,1.17E-05,-3.52E-06
12,0,0.939650784,-0.457616816,-0.8,-0.4,1.17E-05,-4.70E-06
12,0,0.939650784,-0.457616816,-0.8,-0.5,1.17E-05,-5.87E-06
12,0,0.939650784,-0.457616816,-0.8,-0.6,1.17E-05,-7.04E-06
12,0,0.939650784,-0.457616816,-0.8,-0.7,1.17E-05,-8.22E-06
12,0,0.939650784,-0.457616816,-0.8,-0.8,1.17E-05,-9.39E-06
12,0,0.939650784,-0.457616816,-0.8,-0.9,1.17E-05,-1.06E-05
12,0,0.939650784,-0.457616816,-0.8,-1,1.17E-05,-1.17E-05
12,0,0.939650784,-0.457616816,-0.9,-0.1,1.18E-05,-1.18E-06
12,0,0.939650784,-0.457616816,-0.9,-0.2,1.74E-05,-3.48E-06
12,0,0.939650784,-0.457616816,-0.9,-0.3,1.79E-05,-5.37E-06
12,0,0.939650784,-0.457616816,-0.9,-0.4,1.79E-05,-7.17E-06
12,0,0.939650784,-0.457616816,-0.9,-0.5,1.79E-05,-8.96E-06
12,0,0.939650784,-0.457616816,-0.9,-0.6,1.79E-05,-1.08E-05
12,0,0.939650784,-0.457616816,-0.9,-0.7,1.79E-05,-1.25E-05
12,0,0.939650784,-0.457616816,-0.9,-0.8,1.79E-05,-1.43E-05
12,0,0.939650784,-0.457616816,-0.9,-0.9,1.79E-05,-1.61E-05
12,0,0.939650784,-0.457616816,-0.9,-1,1.79E-05,-1.79E-05
12,0,0.939650784,-0.457616816,-1,-0.1,1.35E-05,-1.35E-06
12,0,0.939650784,-0.457616816,-1,-0.2,2.29E-05,-4.58E-06
12,0,0.939650784,-0.457616816,-1,-0.3,2.48E-05,-7.45E-06
12,0,0.939650784,-0.457616816,-1,-0.4,2.49E-05,-9.96E-06
12,0,0.939650784,-0.457616816,-1,-0.5,2.49E-05,-1.24E-05
12,0,0.939650784,-0.457616816,-1,-0.6,2.49E-05,-1.49E-05
12,0,0.939650784,-0.457616816,-1,-0.7,2.49E-05,-1.74E-05
12,0,0.939650784,-0.457616816,-1,-0.8,2.49E-05,-1.99E-05
12,0,0.939650784,-0.457616816,-1,-0.9,2.49E-05,-2.24E-05
12,0,0.939650784,-0.457616816,-1,-1,2.49E-05,-2.49E-05
11,0,0.861346552,-0.499218345,0,-0.1,1.37E-14,-1.37E-15
11,0,0.861346552,-0.499218345,0,-0.2,1.40E-14,-2.80E-15
11,0,0.861346552,-0.499218345,0,-0.3,1.40E-14,-4.20E-15
11,0,0.861346552,-0.499218345,0,-0.4,1.40E-14,-5.60E-15
11,0,0.861346552,-0.499218345,0,-0.5,1.40E-14,-7.00E-15
11,0,0.861346552,-0.499218345,0,-0.6,1.40E-14,-8.40E-15
11,0,0.861346552,-0.499218345,0,-0.7,1.40E-14,-9.79E-15
11,0,0.861346552,-0.499218345,0,-0.8,1.40E-14,-1.12E-14
11,0,0.861346552,-0.499218345,0,-0.9,1.40E-14,-1.26E-14
11,0,0.861346552,-0.499218345,0,-1,1.40E-14,-1.40E-14
11,0,0.861346552,-0.499218345,-0.1,-0.1,4.79E-13,-4.79E-14
11,0,0.861346552,-0.499218345,-0.1,-0.2,4.89E-13,-9.78E-14
11,0,0.861346552,-0.499218345,-0.1,-0.3,4.89E-13,-1.47E-13
11,0,0.861346552,-0.499218345,-0.1,-0.4,4.89E-13,-1.96E-13
11,0,0.861346552,-0.499218345,-0.1,-0.5,4.89E-13,-2.45E-13
11,0,0.861346552,-0.499218345,-0.1,-0.6,4.89E-13,-2.93E-13
11,0,0.861346552,-0.499218345,-0.1,-0.7,4.89E-13,-3.42E-13
11,0,0.861346552,-0.499218345,-0.1,-0.8,4.89E-13,-3.91E-13
11,0,0.861346552,-0.499218345,-0.1,-0.9,4.89E-13,-4.40E-13
11,0,0.861346552,-0.499218345,-0.1,-1,4.89E-13,-4.89E-13
11,0,0.861346552,-0.499218345,-0.2,-0.1,1.67E-11,-1.67E-12
11,0,0.861346552,-0.499218345,-0.2,-0.2,1.71E-11,-3.42E-12
11,0,0.861346552,-0.499218345,-0.2,-0.3,1.71E-11,-5.13E-12
11,0,0.861346552,-0.499218345,-0.2,-0.4,1.71E-11,-6.84E-12
11,0,0.861346552,-0.499218345,-0.2,-0.5,1.71E-11,-8.55E-12
11,0,0.861346552,-0.499218345,-0.2,-0.6,1.71E-11,-1.03E-11
11,0,0.861346552,-0.499218345,-0.2,-0.7,1.71E-11,-1.20E-11
11,0,0.861346552,-0.499218345,-0.2,-0.8,1.71E-11,-1.37E-11
11,0,0.861346552,-0.499218345,-0.2,-0.9,1.71E-11,-1.54E-11
11,0,0.861346552,-0.499218345,-0.2,-1,1.71E-11,-1.71E-11
11,0,0.861346552,-0.499218345,-0.3,-0.1,5.84E-10,-5.84E-11
11,0,0.861346552,-0.499218345,-0.3,-0.2,5.97E-10,-1.19E-10
11,0,0.861346552,-0.499218345,-0.3,-0.3,5.97E-10,-1.79E-10
11,0,0.861346552,-0.499218345,-0.3,-0.4,5.97E-10,-2.39E-10
11,0,0.861346552,-0.499218345,-0.3,-0.5,5.97E-10,-2.98E-10
11,0,0.861346552,-0.499218345,-0.3,-0.6,5.97E-10,-3.58E-10
11,0,0.861346552,-0.499218345,-0.3,-0.7,5.97E-10,-4.18E-10
11,0,0.861346552,-0.499218345,-0.3,-0.8,5.97E-10,-4.78E-10
11,0,0.861346552,-0.499218345,-0.3,-0.9,5.97E-10,-5.37E-10
11,0,0.861346552,-0.499218345,-0.3,-1,5.97E-10,-5.97E-10
11,0,0.861346552,-0.499218345,-0.4,-0.1,1.98E-08,-1.98E-09
11,0,0.861346552,-0.499218345,-0.4,-0.2,2.02E-08,-4.04E-09
11,0,0.861346552,-0.499218345,-0.4,-0.3,2.02E-08,-6.07E-09
11,0,0.861346552,-0.499218345,-0.4,-0.4,2.02E-08,-8.09E-09
11,0,0.861346552,-0.499218345,-0.4,-0.5,2.02E-08,-1.01E-08
11,0,0.861346552,-0.499218345,-0.4,-0.6,2.02E-08,-1.21E-08
11,0,0.861346552,-0.499218345,-0.4,-0.7,2.02E-08,-1.42E-08
11,0,0.861346552,-0.499218345,-0.4,-0.8,2.02E-08,-1.62E-08
11,0,0.861346552,-0.499218345,-0.4,-0.9,2.02E-08,-1.82E-08
11,0,0.861346552,-0.499218345,-0.4,-1,2.02E-08,-2.02E-08
11,0,0.861346552,-0.499218345,-0.5,-0.1,3.87E-07,-3.87E-08
11,0,0.861346552,-0.499218345,-0.5,-0.2,3.99E-07,-7.98E-08
11,0,0.861346552,-0.499218345,-0.5,-0.3,3.99E-07,-1.20E-07
11,0,0.861346552,-0.499218345,-0.5,-0.4,3.99E-07,-1.60E-07
11,0,0.861346552,-0.499218345,-0.5,-0.5,3.99E-07,-2.00E-07
11,0,0.861346552,-0.499218345,-0.5,-0.6,3.99E-07,-2.39E-07
11,0,0.861346552,-0.499218345,-0.5,-0.7,3.99E-07,-2.79E-07
11,0,0.861346552,-0.499218345,-0.5,-0.8,3.99E-07,-3.19E-07
11,0,0.861346552,-0.499218345,-0.5,-0.9,3.99E-07,-3.59E-07
11,0,0.861346552,-0.499218345,-0.5,-1,3.99E-07,-3.99E-07
11,0,0.861346552,-0.499218345,-0.6,-0.1,1.84E-06,-1.84E-07
11,0,0.861346552,-0.499218345,-0.6,-0.2,1.93E-06,-3.85E-07
11,0,0.861346552,-0.499218345,-0.6,-0.3,1.93E-06,-5.78E-07
11,0,0.861346552,-0.499218345,-0.6,-0.4,1.93E-06,-7.71E-07
11,0,0.861346552,-0.499218345,-0.6,-0.5,1.93E-06,-9.64E-07
11,0,0.861346552,-0.499218345,-0.6,-0.6,1.93E-06,-1.16E-06
11,0,0.861346552,-0.499218345,-0.6,-0.7,1.93E-06,-1.35E-06
11,0,0.861346552,-0.499218345,-0.6,-0.8,1.93E-06,-1.54E-06
11,0,0.861346552,-0.499218345,-0.6,-0.9,1.93E-06,-1.74E-06
11,0,0.861346552,-0.499218345,-0.6,-1,1.93E-06,-1.93E-06
11,0,0.861346552,-0.499218345,-0.7,-0.1,4.26E-06,-4.26E-07
11,0,0.861346552,-0.499218345,-0.7,-0.2,4.63E-06,-9.26E-07
11,0,0.861346552,-0.499218345,-0.7,-0.3,4.64E-06,-1.39E-06
11,0,0.861346552,-0.499218345,-0.7,-0.4,4.64E-06,-1.85E-06
11,0,0.861346552,-0.499218345,-0.7,-0.5,4.64E-06,-2.32E-06
11,0,0.861346552,-0.499218345,-0.7,-0.6,4.64E-06,-2.78E-06
11,0,0.861346552,-0.499218345,-0.7,-0.7,4.64E-06,-3.25E-06
11,0,0.861346552,-0.499218345,-0.7,-0.8,4.64E-06,-3.71E-06
11,0,0.861346552,-0.499218345,-0.7,-0.9,4.64E-06,-4.17E-06
11,0,0.861346552,-0.499218345,-0.7,-1,4.64E-06,-4.64E-06
11,0,0.861346552,-0.499218345,-0.8,-0.1,7.35E-06,-7.35E-07
11,0,0.861346552,-0.499218345,-0.8,-0.2,8.62E-06,-1.72E-06
11,0,0.861346552,-0.499218345,-0.8,-0.3,8.66E-06,-2.60E-06
11,0,0.861346552,-0.499218345,-0.8,-0.4,8.66E-06,-3.47E-06
11,0,0.861346552,-0.499218345,-0.8,-0.5,8.66E-06,-4.33E-06
11,0,0.861346552,-0.499218345,-0.8,-0.6,8.66E-06,-5.20E-06
11,0,0.861346552,-0.499218345,-0.8,-0.7,8.66E-06,-6.06E-06
11,0,0.861346552,-0.499218345,-0.8,-0.8,8.66E-06,-6.93E-06
11,0,0.861346552,-0.499218345,-0.8,-0.9,8.66E-06,-7.80E-06
11,0,0.861346552,-0.499218345,-0.8,-1,8.66E-06,-8.66E-06
11,0,0.861346552,-0.499218345,-0.9,-0.1,1.03E-05,-1.03E-06
11,0,0.861346552,-0.499218345,-0.9,-0.2,1.38E-05,-2.76E-06
11,0,0.861346552,-0.499218345,-0.9,-0.3,1.40E-05,-4.19E-06
11,0,0.861346552,-0.499218345,-0.9,-0.4,1.40E-05,-5.59E-06
11,0,0.861346552,-0.499218345,-0.9,-0.5,1.40E-05,-6.98E-06
11,0,0.861346552,-0.499218345,-0.9,-0.6,1.40E-05,-8.38E-06
11,0,0.861346552,-0.499218345,-0.9,-0.7,1.40E-05,-9.78E-06
11,0,0.861346552,-0.499218345,-0.9,-0.8,1.40E-05,-1.12E-05
11,0,0.861346552,-0.499218345,-0.9,-0.9,1.40E-05,-1.26E-05
11,0,0.861346552,-0.499218345,-0.9,-1,1.40E-05,-1.40E-05
11,0,0.861346552,-0.499218345,-1,-0.1,1.25E-05,-1.25E-06
11,0,0.861346552,-0.499218345,-1,-0.2,1.95E-05,-3.90E-06
11,0,0.861346552,-0.499218345,-1,-0.3,2.03E-05,-6.09E-06
11,0,0.861346552,-0.499218345,-1,-0.4,2.03E-05,-8.13E-06
11,0,0.861346552,-0.499218345,-1,-0.5,2.03E-05,-1.02E-05
11,0,0.861346552,-0.499218345,-1,-0.6,2.03E-05,-1.22E-05
11,0,0.861346552,-0.499218345,-1,-0.7,2.03E-05,-1.42E-05
11,0,0.861346552,-0.499218345,-1,-0.8,2.03E-05,-1.63E-05
11,0,0.861346552,-0.499218345,-1,-0.9,2.03E-05,-1.83E-05
11,0,0.861346552,-0.499218345,-1,-1,2.03E-05,-2.03E-05
10,0,0.78304232,-0.549140179,0,-0.1,2.00E-15,-2.00E-16
10,0,0.78304232,-0.549140179,0,-0.2,2.05E-15,-4.09E-16
10,0,0.78304232,-0.549140179,0,-0.3,2.05E-15,-6.14E-16
10,0,0.78304232,-0.549140179,0,-0.4,2.05E-15,-8.19E-16
10,0,0.78304232,-0.549140179,0,-0.5,2.05E-15,-1.02E-15
10,0,0.78304232,-0.549140179,0,-0.6,2.05E-15,-1.23E-15
10,0,0.78304232,-0.549140179,0,-0.7,2.05E-15,-1.43E-15
10,0,0.78304232,-0.549140179,0,-0.8,2.05E-15,-1.64E-15
10,0,0.78304232,-0.549140179,0,-0.9,2.05E-15,-1.84E-15
10,0,0.78304232,-0.549140179,0,-1,2.05E-15,-2.05E-15
10,0,0.78304232,-0.549140179,-0.1,-0.1,6.94E-14,-6.94E-15
10,0,0.78304232,-0.549140179,-0.1,-0.2,7.09E-14,-1.42E-14
10,0,0.78304232,-0.549140179,-0.1,-0.3,7.09E-14,-2.13E-14
10,0,0.78304232,-0.549140179,-0.1,-0.4,7.09E-14,-2.84E-14
10,0,0.78304232,-0.549140179,-0.1,-0.5,7.09E-14,-3.54E-14
10,0,0.78304232,-0.549140179,-0.1,-0.6,7.09E-14,-4.25E-14
10,0,0.78304232,-0.549140179,-0.1,-0.7,7.09E-14,-4.96E-14
10,0,0.78304232,-0.549140179,-0.1,-0.8,7.09E-14,-5.67E-14
10,0,0.78304232,-0.549140179,-0.1,-0.9,7.09E-14,-6.38E-14
10,0,0.78304232,-0.549140179,-0.1,-1,7.09E-14,-7.09E-14
10,0,0.78304232,-0.549140179,-0.2,-0.1,2.40E-12,-2.40E-13
10,0,0.78304232,-0.549140179,-0.2,-0.2,2.45E-12,-4.91E-13
10,0,0.78304232,-0.549140179,-0.2,-0.3,2.45E-12,-7.36E-13
10,0,0.78304232,-0.549140179,-0.2,-0.4,2.45E-12,-9.82E-13
10,0,0.78304232,-0.549140179,-0.2,-0.5,2.45E-12,-1.23E-12
10,0,0.78304232,-0.549140179,-0.2,-0.6,2.45E-12,-1.47E-12
10,0,0.78304232,-0.549140179,-0.2,-0.7,2.45E-12,-1.72E-12
10,0,0.78304232,-0.549140179,-0.2,-0.8,2.45E-12,-1.96E-12
10,0,0.78304232,-0.549140179,-0.2,-0.9,2.45E-12,-2.21E-12
10,0,0.78304232,-0.549140179,-0.2,-1,2.45E-12,-2.45E-12
10,0,0.78304232,-0.549140179,-0.3,-0.1,8.32E-11,-8.32E-12
10,0,0.78304232,-0.549140179,-0.3,-0.2,8.49E-11,-1.70E-11
10,0,0.78304232,-0.549140179,-0.3,-0.3,8.50E-11,-2.55E-11
10,0,0.78304232,-0.549140179,-0.3,-0.4,8.50E-11,-3.40E-11
10,0,0.78304232,-0.549140179,-0.3,-0.5,8.50E-11,-4.25E-11
10,0,0.78304232,-0.549140179,-0.3,-0.6,8.50E-11,-5.10E-11
10,0,0.78304232,-0.549140179,-0.3,-0.7,8.50E-11,-5.95E-11
10,0,0.78304232,-0.549140179,-0.3,-0.8,8.50E-11,-6.80E-11
10,0,0.78304232,-0.549140179,-0.3,-0.9,8.50E-11,-7.65E-11
10,0,0.78304232,-0.549140179,-0.3,-1,8.50E-11,-8.50E-11
10,0,0.78304232,-0.549140179,-0.4,-0.1,2.87E-09,-2.87E-10
10,0,0.78304232,-0.549140179,-0.4,-0.2,2.93E-09,-5.85E-10
10,0,0.78304232,-0.549140179,-0.4,-0.3,2.93E-09,-8.79E-10
10,0,0.78304232,-0.549140179,-0.4,-0.4,2.93E-09,-1.17E-09
10,0,0.78304232,-0.549140179,-0.4,-0.5,2.93E-09,-1.46E-09
10,0,0.78304232,-0.549140179,-0.4,-0.6,2.93E-09,-1.76E-09
10,0,0.78304232,-0.549140179,-0.4,-0.7,2.93E-09,-2.05E-09
10,0,0.78304232,-0.549140179,-0.4,-0.8,2.93E-09,-2.34E-09
10,0,0.78304232,-0.549140179,-0.4,-0.9,2.93E-09,-2.64E-09
10,0,0.78304232,-0.549140179,-0.4,-1,2.93E-09,-2.93E-09
10,0,0.78304232,-0.549140179,-0.5,-0.1,8.62E-08,-8.62E-09
10,0,0.78304232,-0.549140179,-0.5,-0.2,8.82E-08,-1.76E-08
10,0,0.78304232,-0.549140179,-0.5,-0.3,8.82E-08,-2.65E-08
10,0,0.78304232,-0.549140179,-0.5,-0.4,8.82E-08,-3.53E-08
10,0,0.78304232,-0.549140179,-0.5,-0.5,8.82E-08,-4.41E-08
10,0,0.78304232,-0.549140179,-0.5,-0.6,8.82E-08,-5.29E-08
10,0,0.78304232,-0.549140179,-0.5,-0.7,8.82E-08,-6.18E-08
10,0,0.78304232,-0.549140179,-0.5,-0.8,8.82E-08,-7.06E-08
10,0,0.78304232,-0.549140179,-0.5,-0.9,8.82E-08,-7.94E-08
10,0,0.78304232,-0.549140179,-0.5,-1,8.82E-08,-8.82E-08
10,0,0.78304232,-0.549140179,-0.6,-0.1,8.65E-07,-8.65E-08
10,0,0.78304232,-0.549140179,-0.6,-0.2,8.98E-07,-1.80E-07
10,0,0.78304232,-0.549140179,-0.6,-0.3,8.98E-07,-2.70E-07
10,0,0.78304232,-0.549140179,-0.6,-0.4,8.98E-07,-3.59E-07
10,0,0.78304232,-0.549140179,-0.6,-0.5,8.98E-07,-4.49E-07
10,0,0.78304232,-0.549140179,-0.6,-0.6,8.98E-07,-5.39E-07
10,0,0.78304232,-0.549140179,-0.6,-0.7,8.98E-07,-6.29E-07
10,0,0.78304232,-0.549140179,-0.6,-0.8,8.98E-07,-7.19E-07
10,0,0.78304232,-0.549140179,-0.6,-0.9,8.98E-07,-8.09E-07
10,0,0.78304232,-0.549140179,-0.6,-1,8.98E-07,-8.98E-07
10,0,0.78304232,-0.549140179,-0.7,-0.1,2.67E-06,-2.67E-07
10,0,0.78304232,-0.549140179,-0.7,-0.2,2.83E-06,-5.66E-07
10,0,0.78304232,-0.549140179,-0.7,-0.3,2.83E-06,-8.50E-07
10,0,0.78304232,-0.549140179,-0.7,-0.4,2.83E-06,-1.13E-06
10,0,0.78304232,-0.549140179,-0.7,-0.5,2.83E-06,-1.42E-06
10,0,0.78304232,-0.549140179,-0.7,-0.6,2.83E-06,-1.70E-06
10,0,0.78304232,-0.549140179,-0.7,-0.7,2.83E-06,-1.98E-06
10,0,0.78304232,-0.549140179,-0.7,-0.8,2.83E-06,-2.27E-06
10,0,0.78304232,-0.549140179,-0.7,-0.9,2.83E-06,-2.55E-06
10,0,0.78304232,-0.549140179,-0.7,-1,2.83E-06,-2.83E-06
10,0,0.78304232,-0.549140179,-0.8,-0.1,5.26E-06,-5.26E-07
10,0,0.78304232,-0.549140179,-0.8,-0.2,5.84E-06,-1.17E-06
10,0,0.78304232,-0.549140179,-0.8,-0.3,5.85E-06,-1.76E-06
10,0,0.78304232,-0.549140179,-0.8,-0.4,5.85E-06,-2.34E-06
10,0,0.78304232,-0.549140179,-0.8,-0.5,5.85E-06,-2.93E-06
10,0,0.78304232,-0.549140179,-0.8,-0.6,5.85E-06,-3.51E-06
10,0,0.78304232,-0.549140179,-0.8,-0.7,5.85E-06,-4.10E-06
10,0,0.78304232,-0.549140179,-0.8,-0.8,5.85E-06,-4.68E-06
10,0,0.78304232,-0.549140179,-0.8,-0.9,5.85E-06,-5.27E-06
10,0,0.78304232,-0.549140179,-0.8,-1,5.85E-06,-5.85E-06
10,0,0.78304232,-0.549140179,-0.9,-0.1,8.27E-06,-8.27E-07
10,0,0.78304232,-0.549140179,-0.9,-0.2,1.00E-05,-2.01E-06
10,0,0.78304232,-0.549140179,-0.9,-0.3,1.01E-05,-3.03E-06
10,0,0.78304232,-0.549140179,-0.9,-0.4,1.01E-05,-4.04E-06
10,0,0.78304232,-0.549140179,-0.9,-0.5,1.01E-05,-5.05E-06
10,0,0.78304232,-0.549140179,-0.9,-0.6,1.01E-05,-6.06E-06
10,0,0.78304232,-0.549140179,-0.9,-0.7,1.01E-05,-7.07E-06
10,0,0.78304232,-0.549140179,-0.9,-0.8,1.01E-05,-8.08E-06
10,0,0.78304232,-0.549140179,-0.9,-0.9,1.01E-05,-9.09E-06
10,0,0.78304232,-0.549140179,-0.9,-1,1.01E-05,-1.01E-05
10,0,0.78304232,-0.549140179,-1,-0.1,1.09E-05,-1.09E-06
10,0,0.78304232,-0.549140179,-1,-0.2,1.52E-05,-3.04E-06
10,0,0.78304232,-0.549140179,-1,-0.3,1.55E-05,-4.64E-06
10,0,0.78304232,-0.549140179,-1,-0.4,1.55E-05,-6.19E-06
10,0,0.78304232,-0.549140179,-1,-0.5,1.55E-05,-7.74E-06
10,0,0.78304232,-0.549140179,-1,-0.6,1.55E-05,-9.29E-06
10,0,0.78304232,-0.549140179,-1,-0.7,1.55E-05,-1.08E-05
10,0,0.78304232,-0.549140179,-1,-0.8,1.55E-05,-1.24E-05
10,0,0.78304232,-0.549140179,-1,-0.9,1.55E-05,-1.39E-05
10,0,0.78304232,-0.549140179,-1,-1,1.55E-05,-1.55E-05
